Fecha,Usuario,Consumo_kWh,Temperatura_C,Humedad_%
2023-03-12,Residencial,453,12,46
2023-03-12,Comercial,355,12,46
2023-03-12,Industrial,1593,12,46
2023-03-13,Residencial,430,10,45
2023-03-13,Comercial,1063,10,45
2023-03-13,Industrial,1439,10,45
2023-03-14,Residencial,469,10,23
2023-03-14,Comercial,994,10,23
2023-03-14,Industrial,1473,10,23
2023-03-15,Residencial,367,12,51
2023-03-15,Comercial,1045,12,51
2023-03-15,Industrial,1551,12,51
2023-03-16,Residencial,502,20,81
2023-03-16,Comercial,911,20,81
2023-03-16,Industrial,1425,20,81
2023-03-17,Residencial,495,16,77
2023-03-17,Comercial,773,16,77
2023-03-17,Industrial,1512,16,77
2023-03-18,Residencial,512,15,44
2023-03-18,Comercial,337,15,44
2023-03-18,Industrial,1348,15,44
2023-03-19,Residencial,358,18,45
2023-03-19,Comercial,349,18,45
2023-03-19,Industrial,1561,18,45
2023-03-20,Residencial,571,19,38
2023-03-20,Comercial,973,19,38
2023-03-20,Industrial,1553,19,38
2023-03-21,Residencial,368,12,75
2023-03-21,Comercial,865,12,75
2023-03-21,Industrial,1448,12,75
2023-03-22,Residencial,379,21,58
2023-03-22,Comercial,889,21,58
2023-03-22,Industrial,1658,21,58
2023-03-23,Residencial,482,16,77
2023-03-23,Comercial,864,16,77
2023-03-23,Industrial,1611,16,77
2023-03-24,Residencial,440,25,39
2023-03-24,Comercial,1135,25,39
2023-03-24,Industrial,1615,25,39
2023-03-25,Residencial,681,25,87
2023-03-25,Comercial,469,25,87
2023-03-25,Industrial,1563,25,87
2023-03-26,Residencial,638,24,30
2023-03-26,Comercial,466,24,30
2023-03-26,Industrial,1464,24,30
2023-03-27,Residencial,425,22,27
2023-03-27,Comercial,1185,22,27
2023-03-27,Industrial,1639,22,27
2023-03-28,Residencial,408,25,53
2023-03-28,Comercial,956,25,53
2023-03-28,Industrial,1604,25,53
2023-03-29,Residencial,491,16,46
2023-03-29,Comercial,910,16,46
2023-03-29,Industrial,1511,16,46
2023-03-30,Residencial,592,20,86
2023-03-30,Comercial,810,20,86
2023-03-30,Industrial,1426,20,86
2023-03-31,Residencial,551,21,65
2023-03-31,Comercial,975,21,65
2023-03-31,Industrial,1634,21,65
2023-04-01,Residencial,447,18,34
2023-04-01,Comercial,327,18,34
2023-04-01,Industrial,1477,18,34
2023-04-02,Residencial,621,21,29
2023-04-02,Comercial,388,21,29
2023-04-02,Industrial,1408,21,29
2023-04-03,Residencial,358,17,37
2023-04-03,Comercial,932,17,37
2023-04-03,Industrial,1381,17,37
2023-04-04,Residencial,441,30,28
2023-04-04,Comercial,1334,30,28
2023-04-04,Industrial,1518,30,28
2023-04-05,Residencial,492,16,81
2023-04-05,Comercial,1081,16,81
2023-04-05,Industrial,1385,16,81
2023-04-06,Residencial,557,29,71
2023-04-06,Comercial,936,29,71
2023-04-06,Industrial,1480,29,71
2023-04-07,Residencial,514,31,85
2023-04-07,Comercial,968,31,85
2023-04-07,Industrial,1488,31,85
2023-04-08,Residencial,471,22,30
2023-04-08,Comercial,341,22,30
2023-04-08,Industrial,1574,22,30
2023-04-09,Residencial,485,19,52
2023-04-09,Comercial,397,19,52
2023-04-09,Industrial,1571,19,52
2023-04-10,Residencial,451,28,46
2023-04-10,Comercial,1215,28,46
2023-04-10,Industrial,1628,28,46
2023-04-11,Residencial,423,18,72
2023-04-11,Comercial,1028,18,72
2023-04-11,Industrial,1503,18,72
2023-04-12,Residencial,401,27,21
2023-04-12,Comercial,1312,27,21
2023-04-12,Industrial,1513,27,21
2023-04-13,Residencial,402,28,80
2023-04-13,Comercial,913,28,80
2023-04-13,Industrial,1486,28,80
2023-04-14,Residencial,499,24,75
2023-04-14,Comercial,883,24,75
2023-04-14,Industrial,185,24,75
2023-04-15,Residencial,392,28,23
2023-04-15,Comercial,368,28,23
2023-04-15,Industrial,1361,28,23
2023-04-16,Residencial,506,20,64
2023-04-16,Comercial,512,20,64
2023-04-16,Industrial,1471,20,64
2023-04-17,Residencial,469,28,22
2023-04-17,Comercial,1018,28,22
2023-04-17,Industrial,1434,28,22
2023-04-18,Residencial,599,30,47
2023-04-18,Comercial,1124,30,47
2023-04-18,Industrial,1512,30,47
2023-04-19,Residencial,663,32,60
2023-04-19,Comercial,1352,32,60
2023-04-19,Industrial,1570,32,60
2023-04-20,Residencial,538,29,29
2023-04-20,Comercial,1295,29,29
2023-04-20,Industrial,1575,29,29
2023-04-21,Residencial,559,24,84
2023-04-21,Comercial,1065,24,84
2023-04-21,Industrial,1535,24,84
2023-04-22,Residencial,623,27,44
2023-04-22,Comercial,389,27,44
2023-04-22,Industrial,1506,27,44
2023-04-23,Residencial,438,20,24
2023-04-23,Comercial,430,20,24
2023-04-23,Industrial,1484,20,24
2023-04-24,Residencial,477,34,83
2023-04-24,Comercial,1172,34,83
2023-04-24,Industrial,1346,34,83
2023-04-25,Residencial,543,23,33
2023-04-25,Comercial,859,23,33
2023-04-25,Industrial,1365,23,33
2023-04-26,Residencial,336,29,47
2023-04-26,Comercial,1123,29,47
2023-04-26,Industrial,1414,29,47
2023-04-27,Residencial,491,35,51
2023-04-27,Comercial,1363,35,51
2023-04-27,Industrial,1506,35,51
2023-04-28,Residencial,461,26,42
2023-04-28,Comercial,1157,26,42
2023-04-28,Industrial,1582,26,42
2023-04-29,Residencial,486,23,66
2023-04-29,Comercial,368,23,66
2023-04-29,Industrial,1509,23,66
2023-04-30,Residencial,542,25,55
2023-04-30,Comercial,432,25,55
2023-04-30,Industrial,1464,25,55
2023-05-01,Residencial,483,29,70
2023-05-01,Comercial,1037,29,70
2023-05-01,Industrial,1596,29,70
2023-05-02,Residencial,382,35,24
2023-05-02,Comercial,1404,35,24
2023-05-02,Industrial,1649,35,24
2023-05-03,Residencial,538,32,68
2023-05-03,Comercial,1018,32,68
2023-05-03,Industrial,1533,32,68
2023-05-04,Residencial,361,27,30
2023-05-04,Comercial,1164,27,30
2023-05-04,Industrial,1461,27,30
2023-05-05,Residencial,693,36,28
2023-05-05,Comercial,1318,36,28
2023-05-05,Industrial,1379,36,28
2023-05-06,Residencial,393,22,68
2023-05-06,Comercial,406,22,68
2023-05-06,Industrial,1640,22,68
2023-05-07,Residencial,560,34,58
2023-05-07,Comercial,511,34,58
2023-05-07,Industrial,1416,34,58
2023-05-08,Residencial,551,21,93
2023-05-08,Comercial,848,21,93
2023-05-08,Industrial,1613,21,93
2023-05-09,Residencial,561,26,73
2023-05-09,Comercial,1197,26,73
2023-05-09,Industrial,1597,26,73
2023-05-10,Residencial,345,29,59
2023-05-10,Comercial,1231,29,59
2023-05-10,Industrial,1493,29,59
2023-05-11,Residencial,537,24,48
2023-05-11,Comercial,936,24,48
2023-05-11,Industrial,1509,24,48
2023-05-12,Residencial,580,33,47
2023-05-12,Comercial,1050,33,47
2023-05-12,Industrial,1530,33,47
2023-05-13,Residencial,690,24,68
2023-05-13,Comercial,406,24,68
2023-05-13,Industrial,181,24,68
2023-05-14,Residencial,785,36,92
2023-05-14,Comercial,455,36,92
2023-05-14,Industrial,1526,36,92
2023-05-15,Residencial,594,33,72
2023-05-15,Comercial,1057,33,72
2023-05-15,Industrial,1450,33,72
2023-05-16,Residencial,606,29,47
2023-05-16,Comercial,1079,29,47
2023-05-16,Industrial,1611,29,47
2023-05-17,Residencial,487,29,64
2023-05-17,Comercial,1224,29,64
2023-05-17,Industrial,1622,29,64
2023-05-18,Residencial,452,26,24
2023-05-18,Comercial,920,26,24
2023-05-18,Industrial,1396,26,24
2023-05-19,Residencial,560,29,36
2023-05-19,Comercial,949,29,36
2023-05-19,Industrial,1409,29,36
2023-05-20,Residencial,1114,34,83
2023-05-20,Comercial,683,34,83
2023-05-20,Industrial,2272,34,83
2023-05-21,Residencial,435,25,54
2023-05-21,Comercial,425,25,54
2023-05-21,Industrial,1583,25,54
2023-05-22,Residencial,475,33,58
2023-05-22,Comercial,1246,33,58
2023-05-22,Industrial,1524,33,58
2023-05-23,Residencial,558,37,67
2023-05-23,Comercial,993,37,67
2023-05-23,Industrial,1426,37,67
2023-05-24,Residencial,456,23,82
2023-05-24,Comercial,1158,23,82
2023-05-24,Industrial,1427,23,82
2023-05-25,Residencial,505,23,82
2023-05-25,Comercial,1066,23,82
2023-05-25,Industrial,1524,23,82
2023-05-26,Residencial,474,37,66
2023-05-26,Comercial,1154,37,66
2023-05-26,Industrial,1601,37,66
2023-05-27,Residencial,781,34,75
2023-05-27,Comercial,581,34,75
2023-05-27,Industrial,1377,34,75
2023-05-28,Residencial,680,28,71
2023-05-28,Comercial,470,28,71
2023-05-28,Industrial,1517,28,71
2023-05-29,Residencial,310,22,24
2023-05-29,Comercial,1011,22,24
2023-05-29,Industrial,1486,22,24
2023-05-30,Residencial,396,34,46
2023-05-30,Comercial,679,34,46
2023-05-30,Industrial,914,34,46
2023-05-31,Residencial,567,24,25
2023-05-31,Comercial,1152,24,25
2023-05-31,Industrial,1441,24,25
2023-06-01,Residencial,515,25,28
2023-06-01,Comercial,1021,25,28
2023-06-01,Industrial,1616,25,28
2023-06-02,Residencial,466,33,20
2023-06-02,Comercial,1077,33,20
2023-06-02,Industrial,1413,33,20
2023-06-03,Residencial,471,23,34
2023-06-03,Comercial,450,23,34
2023-06-03,Industrial,1606,23,34
2023-06-04,Residencial,575,33,28
2023-06-04,Comercial,385,33,28
2023-06-04,Industrial,1473,33,28
2023-06-05,Residencial,629,29,23
2023-06-05,Comercial,1192,29,23
2023-06-05,Industrial,1419,29,23
2023-06-06,Residencial,490,31,77
2023-06-06,Comercial,1053,31,77
2023-06-06,Industrial,1399,31,77
2023-06-07,Residencial,500,25,40
2023-06-07,Comercial,1146,25,40
2023-06-07,Industrial,1463,25,40
2023-06-08,Residencial,516,32,53
2023-06-08,Comercial,1240,32,53
2023-06-08,Industrial,1607,32,53
2023-06-09,Residencial,535,24,65
2023-06-09,Comercial,1186,24,65
2023-06-09,Industrial,1546,24,65
2023-06-10,Residencial,601,37,21
2023-06-10,Comercial,551,37,21
2023-06-10,Industrial,1350,37,21
2023-06-11,Residencial,783,37,43
2023-06-11,Comercial,519,37,43
2023-06-11,Industrial,1571,37,43
2023-06-12,Residencial,465,28,78
2023-06-12,Comercial,1222,28,78
2023-06-12,Industrial,1498,28,78
2023-06-13,Residencial,403,28,25
2023-06-13,Comercial,1012,28,25
2023-06-13,Industrial,1415,28,25
2023-06-14,Residencial,589,31,66
2023-06-14,Comercial,1022,31,66
2023-06-14,Industrial,1320,31,66
2023-06-15,Residencial,515,31,41
2023-06-15,Comercial,1311,31,41
2023-06-15,Industrial,1433,31,41
2023-06-16,Residencial,525,32,68
2023-06-16,Comercial,1021,32,68
2023-06-16,Industrial,1526,32,68
2023-06-17,Residencial,478,34,38
2023-06-17,Comercial,472,34,38
2023-06-17,Industrial,1344,34,38
2023-06-18,Residencial,684,35,35
2023-06-18,Comercial,443,35,35
2023-06-18,Industrial,1594,35,35
2023-06-19,Residencial,499,27,33
2023-06-19,Comercial,1041,27,33
2023-06-19,Industrial,1536,27,33
2023-06-20,Residencial,422,25,60
2023-06-20,Comercial,1242,25,60
2023-06-20,Industrial,1509,25,60
2023-06-21,Residencial,436,25,82
2023-06-21,Comercial,907,25,82
2023-06-21,Industrial,221,25,82
2023-06-22,Residencial,343,26,46
2023-06-22,Comercial,1154,26,46
2023-06-22,Industrial,1667,26,46
2023-06-23,Residencial,482,22,84
2023-06-23,Comercial,1088,22,84
2023-06-23,Industrial,1361,22,84
2023-06-24,Residencial,574,29,28
2023-06-24,Comercial,554,29,28
2023-06-24,Industrial,1565,29,28
2023-06-25,Residencial,669,29,72
2023-06-25,Comercial,405,29,72
2023-06-25,Industrial,1412,29,72
2023-06-26,Residencial,574,24,21
2023-06-26,Comercial,866,24,21
2023-06-26,Industrial,1387,24,21
2023-06-27,Residencial,394,25,74
2023-06-27,Comercial,1102,25,74
2023-06-27,Industrial,1416,25,74
2023-06-28,Residencial,578,33,88
2023-06-28,Comercial,1356,33,88
2023-06-28,Industrial,1520,33,88
2023-06-29,Residencial,633,35,30
2023-06-29,Comercial,1280,35,30
2023-06-29,Industrial,1416,35,30
2023-06-30,Residencial,562,27,38
2023-06-30,Comercial,1112,27,38
2023-06-30,Industrial,1642,27,38
2023-07-01,Residencial,441,25,38
2023-07-01,Comercial,484,25,38
2023-07-01,Industrial,1525,25,38
2023-07-02,Residencial,467,32,87
2023-07-02,Comercial,469,32,87
2023-07-02,Industrial,1472,32,87
2023-07-03,Residencial,370,22,20
2023-07-03,Comercial,1152,22,20
2023-07-03,Industrial,1464,22,20
2023-07-04,Residencial,529,27,39
2023-07-04,Comercial,1128,27,39
2023-07-04,Industrial,1576,27,39
2023-07-05,Residencial,645,34,37
2023-07-05,Comercial,952,34,37
2023-07-05,Industrial,1430,34,37
2023-07-06,Residencial,588,27,35
2023-07-06,Comercial,886,27,35
2023-07-06,Industrial,1574,27,35
2023-07-07,Residencial,531,19,43
2023-07-07,Comercial,793,19,43
2023-07-07,Industrial,1643,19,43
2023-07-08,Residencial,681,26,77
2023-07-08,Comercial,493,26,77
2023-07-08,Industrial,1412,26,77
2023-07-09,Residencial,467,27,47
2023-07-09,Comercial,535,27,47
2023-07-09,Industrial,1611,27,47
2023-07-10,Residencial,606,33,69
2023-07-10,Comercial,1116,33,69
2023-07-10,Industrial,1467,33,69
2023-07-11,Residencial,468,29,75
2023-07-11,Comercial,1025,29,75
2023-07-11,Industrial,1638,29,75
2023-07-12,Residencial,436,19,36
2023-07-12,Comercial,979,19,36
2023-07-12,Industrial,1431,19,36
2023-07-13,Residencial,557,33,78
2023-07-13,Comercial,1251,33,78
2023-07-13,Industrial,1341,33,78
2023-07-14,Residencial,438,24,68
2023-07-14,Comercial,900,24,68
2023-07-14,Industrial,1533,24,68
2023-07-15,Residencial,679,21,71
2023-07-15,Comercial,455,21,71
2023-07-15,Industrial,1391,21,71
2023-07-16,Residencial,514,19,80
2023-07-16,Comercial,417,19,80
2023-07-16,Industrial,1477,19,80
2023-07-17,Residencial,345,26,20
2023-07-17,Comercial,902,26,20
2023-07-17,Industrial,1571,26,20
2023-07-18,Residencial,523,32,57
2023-07-18,Comercial,1230,32,57
2023-07-18,Industrial,1585,32,57
2023-07-19,Residencial,435,20,28
2023-07-19,Comercial,869,20,28
2023-07-19,Industrial,1530,20,28
2023-07-20,Residencial,487,32,80
2023-07-20,Comercial,1215,32,80
2023-07-20,Industrial,1461,32,80
2023-07-21,Residencial,456,29,87
2023-07-21,Comercial,1114,29,87
2023-07-21,Industrial,1465,29,87
2023-07-22,Residencial,645,25,93
2023-07-22,Comercial,457,25,93
2023-07-22,Industrial,227,25,93
2023-07-23,Residencial,562,25,65
2023-07-23,Comercial,462,25,65
2023-07-23,Industrial,1517,25,65
2023-07-24,Residencial,319,28,71
2023-07-24,Comercial,989,28,71
2023-07-24,Industrial,1484,28,71
2023-07-25,Residencial,309,20,90
2023-07-25,Comercial,1065,20,90
2023-07-25,Industrial,1521,20,90
2023-07-26,Residencial,489,27,55
2023-07-26,Comercial,1055,27,55
2023-07-26,Industrial,1594,27,55
2023-07-27,Residencial,546,23,68
2023-07-27,Comercial,1088,23,68
2023-07-27,Industrial,1388,23,68
2023-07-28,Residencial,584,18,28
2023-07-28,Comercial,1194,18,28
2023-07-28,Industrial,1519,18,28
2023-07-29,Residencial,376,22,39
2023-07-29,Comercial,375,22,39
2023-07-29,Industrial,1606,22,39
2023-07-30,Residencial,606,16,84
2023-07-30,Comercial,413,16,84
2023-07-30,Industrial,1608,16,84
2023-07-31,Residencial,531,26,87
2023-07-31,Comercial,999,26,87
2023-07-31,Industrial,1689,26,87
2023-08-01,Residencial,461,23,37
2023-08-01,Comercial,997,23,37
2023-08-01,Industrial,1487,23,37
2023-08-02,Residencial,368,25,52
2023-08-02,Comercial,864,25,52
2023-08-02,Industrial,1600,25,52
2023-08-03,Residencial,340,18,48
2023-08-03,Comercial,1174,18,48
2023-08-03,Industrial,1463,18,48
2023-08-04,Residencial,407,25,83
2023-08-04,Comercial,1177,25,83
2023-08-04,Industrial,1512,25,83
2023-08-05,Residencial,418,15,34
2023-08-05,Comercial,413,15,34
2023-08-05,Industrial,1625,15,34
2023-08-06,Residencial,567,20,82
2023-08-06,Comercial,448,20,82
2023-08-06,Industrial,1384,20,82
2023-08-07,Residencial,283,14,30
2023-08-07,Comercial,1111,14,30
2023-08-07,Industrial,1461,14,30
2023-08-08,Residencial,535,27,53
2023-08-08,Comercial,1164,27,53
2023-08-08,Industrial,1590,27,53
2023-08-09,Residencial,463,14,93
2023-08-09,Comercial,1068,14,93
2023-08-09,Industrial,1485,14,93
2023-08-10,Residencial,378,25,41
2023-08-10,Comercial,893,25,41
2023-08-10,Industrial,1373,25,41
2023-08-11,Residencial,355,14,54
2023-08-11,Comercial,828,14,54
2023-08-11,Industrial,1605,14,54
2023-08-12,Residencial,555,17,77
2023-08-12,Comercial,398,17,77
2023-08-12,Industrial,1420,17,77
2023-08-13,Residencial,689,25,64
2023-08-13,Comercial,371,25,64
2023-08-13,Industrial,1376,25,64
2023-08-14,Residencial,279,11,85
2023-08-14,Comercial,828,11,85
2023-08-14,Industrial,1481,11,85
2023-08-15,Residencial,348,22,65
2023-08-15,Comercial,1131,22,65
2023-08-15,Industrial,1344,22,65
2023-08-16,Residencial,500,24,20
2023-08-16,Comercial,1083,24,20
2023-08-16,Industrial,1591,24,20
2023-08-17,Residencial,561,25,32
2023-08-17,Comercial,885,25,32
2023-08-17,Industrial,1587,25,32
2023-08-18,Residencial,323,20,49
2023-08-18,Comercial,985,20,49
2023-08-18,Industrial,1426,20,49
2023-08-19,Residencial,457,18,53
2023-08-19,Comercial,401,18,53
2023-08-19,Industrial,1449,18,53
2023-08-20,Residencial,697,23,37
2023-08-20,Comercial,540,23,37
2023-08-20,Industrial,1396,23,37
2023-08-21,Residencial,435,13,72
2023-08-21,Comercial,826,13,72
2023-08-21,Industrial,1483,13,72
2023-08-22,Residencial,400,15,41
2023-08-22,Comercial,1054,15,41
2023-08-22,Industrial,1386,15,41
2023-08-23,Residencial,520,14,64
2023-08-23,Comercial,1032,14,64
2023-08-23,Industrial,1627,14,64
2023-08-24,Residencial,306,11,79
2023-08-24,Comercial,876,11,79
2023-08-24,Industrial,1411,11,79
2023-08-25,Residencial,344,15,90
2023-08-25,Comercial,1004,15,90
2023-08-25,Industrial,1568,15,90
2023-08-26,Residencial,557,15,92
2023-08-26,Comercial,457,15,92
2023-08-26,Industrial,1510,15,92
2023-08-27,Residencial,540,8,66
2023-08-27,Comercial,412,8,66
2023-08-27,Industrial,1453,8,66
2023-08-28,Residencial,361,21,85
2023-08-28,Comercial,848,21,85
2023-08-28,Industrial,1658,21,85
2023-08-29,Residencial,517,12,88
2023-08-29,Comercial,927,12,88
2023-08-29,Industrial,1441,12,88
2023-08-30,Residencial,481,20,64
2023-08-30,Comercial,900,20,64
2023-08-30,Industrial,1574,20,64
2023-08-31,Residencial,306,11,53
2023-08-31,Comercial,703,11,53
2023-08-31,Industrial,1529,11,53
2023-09-01,Residencial,397,7,79
2023-09-01,Comercial,960,7,79
2023-09-01,Industrial,1340,7,79
2023-09-02,Residencial,520,14,27
2023-09-02,Comercial,362,14,27
2023-09-02,Industrial,1496,14,27
2023-09-03,Residencial,450,6,90
2023-09-03,Comercial,286,6,90
2023-09-03,Industrial,1652,6,90
2023-09-04,Residencial,375,8,29
2023-09-04,Comercial,790,8,29
2023-09-04,Industrial,188,8,29
2023-09-05,Residencial,501,14,57
2023-09-05,Comercial,1014,14,57
2023-09-05,Industrial,1479,14,57
2023-09-06,Residencial,433,9,68
2023-09-06,Comercial,776,9,68
2023-09-06,Industrial,1520,9,68
2023-09-07,Residencial,341,5,20
2023-09-07,Comercial,739,5,20
2023-09-07,Industrial,1396,5,20
2023-09-08,Residencial,354,13,74
2023-09-08,Comercial,989,13,74
2023-09-08,Industrial,1343,13,74
2023-09-09,Residencial,446,5,88
2023-09-09,Comercial,326,5,88
2023-09-09,Industrial,1333,5,88
2023-09-10,Residencial,589,13,44
2023-09-10,Comercial,472,13,44
2023-09-10,Industrial,1423,13,44
2023-09-11,Residencial,429,5,76
2023-09-11,Comercial,1009,5,76
2023-09-11,Industrial,1651,5,76
2023-09-12,Residencial,459,8,86
2023-09-12,Comercial,833,8,86
2023-09-12,Industrial,1435,8,86
2023-09-13,Residencial,216,3,90
2023-09-13,Comercial,965,3,90
2023-09-13,Industrial,1589,3,90
2023-09-14,Residencial,319,3,71
2023-09-14,Comercial,883,3,71
2023-09-14,Industrial,1513,3,71
2023-09-15,Residencial,276,9,67
2023-09-15,Comercial,956,9,67
2023-09-15,Industrial,1343,9,67
2023-09-16,Residencial,380,15,94
2023-09-16,Comercial,447,15,94
2023-09-16,Industrial,1410,15,94
2023-09-17,Residencial,481,9,47
2023-09-17,Comercial,381,9,47
2023-09-17,Industrial,1476,9,47
2023-09-18,Residencial,325,17,69
2023-09-18,Comercial,1002,17,69
2023-09-18,Industrial,1614,17,69
2023-09-19,Residencial,431,4,20
2023-09-19,Comercial,982,4,20
2023-09-19,Industrial,1564,4,20
2023-09-20,Residencial,317,6,54
2023-09-20,Comercial,695,6,54
2023-09-20,Industrial,1458,6,54
2023-09-21,Residencial,315,11,76
2023-09-21,Comercial,966,11,76
2023-09-21,Industrial,1505,11,76
2023-09-22,Residencial,372,10,49
2023-09-22,Comercial,866,10,49
2023-09-22,Industrial,1468,10,49
2023-09-23,Residencial,466,8,37
2023-09-23,Comercial,341,8,37
2023-09-23,Industrial,1511,8,37
2023-09-24,Residencial,531,9,81
2023-09-24,Comercial,367,9,81
2023-09-24,Industrial,1519,9,81
2023-09-25,Residencial,484,16,77
2023-09-25,Comercial,1063,16,77
2023-09-25,Industrial,1605,16,77
2023-09-26,Residencial,342,5,64
2023-09-26,Comercial,817,5,64
2023-09-26,Industrial,1397,5,64
2023-09-27,Residencial,479,10,33
2023-09-27,Comercial,804,10,33
2023-09-27,Industrial,1537,10,33
2023-09-28,Residencial,457,5,33
2023-09-28,Comercial,747,5,33
2023-09-28,Industrial,1449,5,33
2023-09-29,Residencial,521,14,43
2023-09-29,Comercial,842,14,43
2023-09-29,Industrial,1484,14,43
2023-09-30,Residencial,408,9,85
2023-09-30,Comercial,315,9,85
2023-09-30,Industrial,1522,9,85
2023-10-01,Residencial,326,0,36
2023-10-01,Comercial,294,0,36
2023-10-01,Industrial,1521,0,36
2023-10-02,Residencial,539,14,69
2023-10-02,Comercial,947,14,69
2023-10-02,Industrial,1336,14,69
2023-10-03,Residencial,463,10,80
2023-10-03,Comercial,798,10,80
2023-10-03,Industrial,1350,10,80
2023-10-04,Residencial,390,14,38
2023-10-04,Comercial,997,14,38
2023-10-04,Industrial,1565,14,38
2023-10-05,Residencial,243,8,84
2023-10-05,Comercial,776,8,84
2023-10-05,Industrial,1598,8,84
2023-10-06,Residencial,408,13,32
2023-10-06,Comercial,858,13,32
2023-10-06,Industrial,1387,13,32
2023-10-07,Residencial,375,-1,25
2023-10-07,Comercial,352,-1,25
2023-10-07,Industrial,1521,-1,25
2023-10-08,Residencial,395,4,84
2023-10-08,Comercial,369,4,84
2023-10-08,Industrial,1517,4,84
2023-10-09,Residencial,445,12,94
2023-10-09,Comercial,997,12,94
2023-10-09,Industrial,1570,12,94
2023-10-10,Residencial,277,10,37
2023-10-10,Comercial,772,10,37
2023-10-10,Industrial,1428,10,37
2023-10-11,Residencial,326,8,60
2023-10-11,Comercial,1042,8,60
2023-10-11,Industrial,1660,8,60
2023-10-12,Residencial,311,0,61
2023-10-12,Comercial,815,0,61
2023-10-12,Industrial,1466,0,61
2023-10-13,Residencial,243,8,50
2023-10-13,Comercial,934,8,50
2023-10-13,Industrial,1439,8,50
2023-10-14,Residencial,473,3,23
2023-10-14,Comercial,386,3,23
2023-10-14,Industrial,1585,3,23
2023-10-15,Residencial,471,0,28
2023-10-15,Comercial,364,0,28
2023-10-15,Industrial,174,0,28
2023-10-16,Residencial,238,0,70
2023-10-16,Comercial,895,0,70
2023-10-16,Industrial,1478,0,70
2023-10-17,Residencial,465,6,56
2023-10-17,Comercial,826,6,56
2023-10-17,Industrial,1562,6,56
2023-10-18,Residencial,407,2,20
2023-10-18,Comercial,909,2,20
2023-10-18,Industrial,1431,2,20
2023-10-19,Residencial,274,10,46
2023-10-19,Comercial,773,10,46
2023-10-19,Industrial,1598,10,46
2023-10-20,Residencial,354,7,21
2023-10-20,Comercial,908,7,21
2023-10-20,Industrial,1467,7,21
2023-10-21,Residencial,429,1,54
2023-10-21,Comercial,374,1,54
2023-10-21,Industrial,1496,1,54
2023-10-22,Residencial,566,9,55
2023-10-22,Comercial,316,9,55
2023-10-22,Industrial,1390,9,55
2023-10-23,Residencial,327,10,35
2023-10-23,Comercial,875,10,35
2023-10-23,Industrial,1418,10,35
2023-10-24,Residencial,293,2,79
2023-10-24,Comercial,816,2,79
2023-10-24,Industrial,1512,2,79
2023-10-25,Residencial,323,-2,21
2023-10-25,Comercial,934,-2,21
2023-10-25,Industrial,1661,-2,21
2023-10-26,Residencial,347,6,57
2023-10-26,Comercial,739,6,57
2023-10-26,Industrial,1548,6,57
2023-10-27,Residencial,249,3,46
2023-10-27,Comercial,506,3,46
2023-10-27,Industrial,912,3,46
2023-10-28,Residencial,420,-1,47
2023-10-28,Comercial,275,-1,47
2023-10-28,Industrial,1398,-1,47
2023-10-29,Residencial,456,9,33
2023-10-29,Comercial,328,9,33
2023-10-29,Industrial,1488,9,33
2023-10-30,Residencial,248,-4,75
2023-10-30,Comercial,852,-4,75
2023-10-30,Industrial,1542,-4,75
2023-10-31,Residencial,259,5,24
2023-10-31,Comercial,790,5,24
2023-10-31,Industrial,1583,5,24
2023-11-01,Residencial,391,2,39
2023-11-01,Comercial,869,2,39
2023-11-01,Industrial,1424,2,39
2023-11-02,Residencial,262,-3,59
2023-11-02,Comercial,773,-3,59
2023-11-02,Industrial,1455,-3,59
2023-11-03,Residencial,259,0,66
2023-11-03,Comercial,710,0,66
2023-11-03,Industrial,1416,0,66
2023-11-04,Residencial,412,4,59
2023-11-04,Comercial,322,4,59
2023-11-04,Industrial,1333,4,59
2023-11-05,Residencial,411,4,61
2023-11-05,Comercial,287,4,61
2023-11-05,Industrial,1545,4,61
2023-11-06,Residencial,262,-1,80
2023-11-06,Comercial,647,-1,80
2023-11-06,Industrial,1668,-1,80
2023-11-07,Residencial,382,0,52
2023-11-07,Comercial,792,0,52
2023-11-07,Industrial,1501,0,52
2023-11-08,Residencial,352,6,92
2023-11-08,Comercial,999,6,92
2023-11-08,Industrial,1558,6,92
2023-11-09,Residencial,333,-4,93
2023-11-09,Comercial,691,-4,93
2023-11-09,Industrial,1580,-4,93
2023-11-10,Residencial,246,3,50
2023-11-10,Comercial,831,3,50
2023-11-10,Industrial,1575,3,50
2023-11-11,Residencial,394,-5,67
2023-11-11,Comercial,294,-5,67
2023-11-11,Industrial,1548,-5,67
2023-11-12,Residencial,389,-1,42
2023-11-12,Comercial,293,-1,42
2023-11-12,Industrial,1500,-1,42
2023-11-13,Residencial,446,6,79
2023-11-13,Comercial,784,6,79
2023-11-13,Industrial,1632,6,79
2023-11-14,Residencial,358,-6,37
2023-11-14,Comercial,802,-6,37
2023-11-14,Industrial,1436,-6,37
2023-11-15,Residencial,240,-5,56
2023-11-15,Comercial,814,-5,56
2023-11-15,Industrial,1438,-5,56
2023-11-16,Residencial,365,-2,69
2023-11-16,Comercial,726,-2,69
2023-11-16,Industrial,1622,-2,69
2023-11-17,Residencial,330,-5,36
2023-11-17,Comercial,720,-5,36
2023-11-17,Industrial,1602,-5,36
2023-11-18,Residencial,379,7,81
2023-11-18,Comercial,352,7,81
2023-11-18,Industrial,1458,7,81
2023-11-19,Residencial,430,6,80
2023-11-19,Comercial,306,6,80
2023-11-19,Industrial,1468,6,80
2023-11-20,Residencial,226,-1,24
2023-11-20,Comercial,617,-1,24
2023-11-20,Industrial,1496,-1,24
2023-11-21,Residencial,316,0,42
2023-11-21,Comercial,663,0,42
2023-11-21,Industrial,1413,0,42
2023-11-22,Residencial,302,4,20
2023-11-22,Comercial,956,4,20
2023-11-22,Industrial,1657,4,20
2023-11-23,Residencial,435,1,78
2023-11-23,Comercial,697,1,78
2023-11-23,Industrial,1434,1,78
2023-11-24,Residencial,332,0,71
2023-11-24,Comercial,870,0,71
2023-11-24,Industrial,1350,0,71
2023-11-25,Residencial,360,8,22
2023-11-25,Comercial,367,8,22
2023-11-25,Industrial,1458,8,22
2023-11-26,Residencial,413,-2,21
2023-11-26,Comercial,317,-2,21
2023-11-26,Industrial,1464,-2,21
2023-11-27,Residencial,345,-5,52
2023-11-27,Comercial,724,-5,52
2023-11-27,Industrial,1339,-5,52
2023-11-28,Residencial,359,5,42
2023-11-28,Comercial,887,5,42
2023-11-28,Industrial,1539,5,42
2023-11-29,Residencial,389,2,48
2023-11-29,Comercial,691,2,48
2023-11-29,Industrial,1497,2,48
2023-11-30,Residencial,277,3,61
2023-11-30,Comercial,795,3,61
2023-11-30,Industrial,1380,3,61
2023-12-01,Residencial,285,-3,45
2023-12-01,Comercial,858,-3,45
2023-12-01,Industrial,193,-3,45
2023-12-02,Residencial,333,6,37
2023-12-02,Comercial,397,6,37
2023-12-02,Industrial,1560,6,37
2023-12-03,Residencial,485,5,35
2023-12-03,Comercial,279,5,35
2023-12-03,Industrial,1422,5,35
2023-12-04,Residencial,282,2,22
2023-12-04,Comercial,931,2,22
2023-12-04,Industrial,1392,2,22
2023-12-05,Residencial,229,-3,53
2023-12-05,Comercial,753,-3,53
2023-12-05,Industrial,1381,-3,53
2023-12-06,Residencial,354,-1,40
2023-12-06,Comercial,757,-1,40
2023-12-06,Industrial,1426,-1,40
2023-12-07,Residencial,195,0,75
2023-12-07,Comercial,510,0,75
2023-12-07,Industrial,797,0,75
2023-12-08,Residencial,326,2,74
2023-12-08,Comercial,695,2,74
2023-12-08,Industrial,1422,2,74
2023-12-09,Residencial,460,1,47
2023-12-09,Comercial,297,1,47
2023-12-09,Industrial,1464,1,47
2023-12-10,Residencial,464,5,54
2023-12-10,Comercial,342,5,54
2023-12-10,Industrial,1418,5,54
2023-12-11,Residencial,253,4,80
2023-12-11,Comercial,879,4,80
2023-12-11,Industrial,1599,4,80
2023-12-12,Residencial,327,4,38
2023-12-12,Comercial,797,4,38
2023-12-12,Industrial,1522,4,38
2023-12-13,Residencial,331,-5,80
2023-12-13,Comercial,624,-5,80
2023-12-13,Industrial,1584,-5,80
2023-12-14,Residencial,376,3,76
2023-12-14,Comercial,774,3,76
2023-12-14,Industrial,1639,3,76
2023-12-15,Residencial,402,-7,45
2023-12-15,Comercial,658,-7,45
2023-12-15,Industrial,1644,-7,45
2023-12-16,Residencial,343,-4,78
2023-12-16,Comercial,299,-4,78
2023-12-16,Industrial,1610,-4,78
2023-12-17,Residencial,304,-2,62
2023-12-17,Comercial,343,-2,62
2023-12-17,Industrial,1324,-2,62
2023-12-18,Residencial,333,2,86
2023-12-18,Comercial,695,2,86
2023-12-18,Industrial,1396,2,86
2023-12-19,Residencial,275,1,72
2023-12-19,Comercial,700,1,72
2023-12-19,Industrial,1393,1,72
2023-12-20,Residencial,262,-4,94
2023-12-20,Comercial,616,-4,94
2023-12-20,Industrial,1668,-4,94
2023-12-21,Residencial,218,-1,90
2023-12-21,Comercial,803,-1,90
2023-12-21,Industrial,1401,-1,90
2023-12-22,Residencial,460,5,75
2023-12-22,Comercial,923,5,75
2023-12-22,Industrial,1463,5,75
2023-12-23,Residencial,437,7,33
2023-12-23,Comercial,292,7,33
2023-12-23,Industrial,1612,7,33
2023-12-24,Residencial,495,5,69
2023-12-24,Comercial,425,5,69
2023-12-24,Industrial,1476,5,69
2023-12-25,Residencial,367,4,26
2023-12-25,Comercial,833,4,26
2023-12-25,Industrial,1483,4,26
2023-12-26,Residencial,393,5,31
2023-12-26,Comercial,910,5,31
2023-12-26,Industrial,1468,5,31
2023-12-27,Residencial,349,-2,79
2023-12-27,Comercial,750,-2,79
2023-12-27,Industrial,1517,-2,79
2023-12-28,Residencial,453,9,27
2023-12-28,Comercial,921,9,27
2023-12-28,Industrial,1507,9,27
2023-12-29,Residencial,209,0,47
2023-12-29,Comercial,667,0,47
2023-12-29,Industrial,1394,0,47
2023-12-30,Residencial,443,-1,27
2023-12-30,Comercial,371,-1,27
2023-12-30,Industrial,1382,-1,27
2023-12-31,Residencial,536,1,85
2023-12-31,Comercial,353,1,85
2023-12-31,Industrial,1539,1,85
2024-01-01,Residencial,369,-2,66
2024-01-01,Comercial,879,-2,66
2024-01-01,Industrial,1478,-2,66
2024-01-02,Residencial,270,-2,28
2024-01-02,Comercial,731,-2,28
2024-01-02,Industrial,1540,-2,28
2024-01-03,Residencial,291,8,78
2024-01-03,Comercial,861,8,78
2024-01-03,Industrial,163,8,78
2024-01-04,Residencial,240,0,42
2024-01-04,Comercial,788,0,42
2024-01-04,Industrial,1360,0,42
2024-01-05,Residencial,372,-1,20
2024-01-05,Comercial,864,-1,20
2024-01-05,Industrial,1343,-1,20
2024-01-06,Residencial,359,-1,29
2024-01-06,Comercial,281,-1,29
2024-01-06,Industrial,1367,-1,29
2024-01-07,Residencial,602,8,24
2024-01-07,Comercial,379,8,24
2024-01-07,Industrial,1487,8,24
2024-01-08,Residencial,346,3,89
2024-01-08,Comercial,685,3,89
2024-01-08,Industrial,1461,3,89
2024-01-09,Residencial,407,6,93
2024-01-09,Comercial,935,6,93
2024-01-09,Industrial,1408,6,93
2024-01-10,Residencial,365,5,30
2024-01-10,Comercial,852,5,30
2024-01-10,Industrial,1630,5,30
2024-01-11,Residencial,332,8,26
2024-01-11,Comercial,718,8,26
2024-01-11,Industrial,1577,8,26
2024-01-12,Residencial,378,-2,83
2024-01-12,Comercial,686,-2,83
2024-01-12,Industrial,1365,-2,83
2024-01-13,Residencial,331,-1,35
2024-01-13,Comercial,277,-1,35
2024-01-13,Industrial,1561,-1,35
2024-01-14,Residencial,523,6,40
2024-01-14,Comercial,325,6,40
2024-01-14,Industrial,1602,6,40
2024-01-15,Residencial,295,-1,81
2024-01-15,Comercial,686,-1,81
2024-01-15,Industrial,1508,-1,81
2024-01-16,Residencial,370,0,26
2024-01-16,Comercial,879,0,26
2024-01-16,Industrial,1599,0,26
2024-01-17,Residencial,367,5,46
2024-01-17,Comercial,748,5,46
2024-01-17,Industrial,1467,5,46
2024-01-18,Residencial,209,0,32
2024-01-18,Comercial,702,0,32
2024-01-18,Industrial,1610,0,32
2024-01-19,Residencial,316,2,22
2024-01-19,Comercial,958,2,22
2024-01-19,Industrial,1416,2,22
2024-01-20,Residencial,411,-1,80
2024-01-20,Comercial,367,-1,80
2024-01-20,Industrial,1466,-1,80
2024-01-21,Residencial,509,10,36
2024-01-21,Comercial,337,10,36
2024-01-21,Industrial,1489,10,36
2024-01-22,Residencial,294,6,79
2024-01-22,Comercial,763,6,79
2024-01-22,Industrial,1611,6,79
2024-01-23,Residencial,416,10,89
2024-01-23,Comercial,900,10,89
2024-01-23,Industrial,1607,10,89
2024-01-24,Residencial,443,13,40
2024-01-24,Comercial,1008,13,40
2024-01-24,Industrial,1410,13,40
2024-01-25,Residencial,397,4,90
2024-01-25,Comercial,733,4,90
2024-01-25,Industrial,1561,4,90
2024-01-26,Residencial,336,0,87
2024-01-26,Comercial,805,0,87
2024-01-26,Industrial,1468,0,87
2024-01-27,Residencial,563,13,52
2024-01-27,Comercial,365,13,52
2024-01-27,Industrial,1430,13,52
2024-01-28,Residencial,424,13,88
2024-01-28,Comercial,409,13,88
2024-01-28,Industrial,1585,13,88
2024-01-29,Residencial,457,0,78
2024-01-29,Comercial,807,0,78
2024-01-29,Industrial,1372,0,78
2024-01-30,Residencial,281,2,38
2024-01-30,Comercial,889,2,38
2024-01-30,Industrial,1343,2,38
2024-01-31,Residencial,434,13,93
2024-01-31,Comercial,1344,13,93
2024-01-31,Industrial,2262,13,93
2024-02-01,Residencial,452,5,62
2024-02-01,Comercial,953,5,62
2024-02-01,Industrial,1533,5,62
2024-02-02,Residencial,441,10,41
2024-02-02,Comercial,962,10,41
2024-02-02,Industrial,1608,10,41
2024-02-03,Residencial,448,6,39
2024-02-03,Comercial,407,6,39
2024-02-03,Industrial,1643,6,39
2024-02-04,Residencial,390,5,60
2024-02-04,Comercial,345,5,60
2024-02-04,Industrial,1526,5,60
2024-02-05,Residencial,385,7,91
2024-02-05,Comercial,718,7,91
2024-02-05,Industrial,1489,7,91
2024-02-06,Residencial,268,1,81
2024-02-06,Comercial,621,1,81
2024-02-06,Industrial,1490,1,81
2024-02-07,Residencial,446,6,30
2024-02-07,Comercial,803,6,30
2024-02-07,Industrial,1435,6,30
2024-02-08,Residencial,417,17,39
2024-02-08,Comercial,911,17,39
2024-02-08,Industrial,1653,17,39
2024-02-09,Residencial,334,12,61
2024-02-09,Comercial,918,12,61
2024-02-09,Industrial,1366,12,61
2024-02-10,Residencial,443,3,71
2024-02-10,Comercial,360,3,71
2024-02-10,Industrial,1581,3,71
2024-02-11,Residencial,508,17,25
2024-02-11,Comercial,425,17,25
2024-02-11,Industrial,1515,17,25
2024-02-12,Residencial,508,16,58
2024-02-12,Comercial,948,16,58
2024-02-12,Industrial,1639,16,58
2024-02-13,Residencial,398,13,83
2024-02-13,Comercial,799,13,83
2024-02-13,Industrial,1594,13,83
2024-02-14,Residencial,472,16,61
2024-02-14,Comercial,941,16,61
2024-02-14,Industrial,191,16,61
2024-02-15,Residencial,307,12,56
2024-02-15,Comercial,849,12,56
2024-02-15,Industrial,1405,12,56
2024-02-16,Residencial,383,14,30
2024-02-16,Comercial,979,14,30
2024-02-16,Industrial,1381,14,30
2024-02-17,Residencial,374,8,75
2024-02-17,Comercial,428,8,75
2024-02-17,Industrial,1457,8,75
2024-02-18,Residencial,523,16,39
2024-02-18,Comercial,354,16,39
2024-02-18,Industrial,1477,16,39
2024-02-19,Residencial,350,4,33
2024-02-19,Comercial,931,4,33
2024-02-19,Industrial,1530,4,33
2024-02-20,Residencial,301,7,63
2024-02-20,Comercial,962,7,63
2024-02-20,Industrial,1344,7,63
2024-02-21,Residencial,345,12,25
2024-02-21,Comercial,1050,12,25
2024-02-21,Industrial,1518,12,25
2024-02-22,Residencial,332,6,55
2024-02-22,Comercial,733,6,55
2024-02-22,Industrial,1419,6,55
2024-02-23,Residencial,421,20,60
2024-02-23,Comercial,1213,20,60
2024-02-23,Industrial,1400,20,60
2024-02-24,Residencial,561,16,43
2024-02-24,Comercial,527,16,43
2024-02-24,Industrial,2106,16,43
2024-02-25,Residencial,409,17,89
2024-02-25,Comercial,483,17,89
2024-02-25,Industrial,1383,17,89
2024-02-26,Residencial,337,19,57
2024-02-26,Comercial,1049,19,57
2024-02-26,Industrial,1598,19,57
2024-02-27,Residencial,276,7,86
2024-02-27,Comercial,985,7,86
2024-02-27,Industrial,1437,7,86
2024-02-28,Residencial,465,13,94
2024-02-28,Comercial,965,13,94
2024-02-28,Industrial,1677,13,94
2024-02-29,Residencial,456,19,47
2024-02-29,Comercial,922,19,47
2024-02-29,Industrial,1523,19,47
2024-03-01,Residencial,426,19,82
2024-03-01,Comercial,873,19,82
2024-03-01,Industrial,1471,19,82
2024-03-02,Residencial,606,12,60
2024-03-02,Comercial,439,12,60
2024-03-02,Industrial,1396,12,60
2024-03-03,Residencial,504,8,21
2024-03-03,Comercial,395,8,21
2024-03-03,Industrial,1662,8,21
2024-03-04,Residencial,363,14,43
2024-03-04,Comercial,1047,14,43
2024-03-04,Industrial,1620,14,43
2024-03-05,Residencial,350,13,72
2024-03-05,Comercial,1065,13,72
2024-03-05,Industrial,237,13,72
2024-03-06,Residencial,345,8,54
2024-03-06,Comercial,760,8,54
2024-03-06,Industrial,1472,8,54
2024-03-07,Residencial,400,12,52
2024-03-07,Comercial,880,12,52
2024-03-07,Industrial,1531,12,52
2024-03-08,Residencial,288,15,78
2024-03-08,Comercial,753,15,78
2024-03-08,Industrial,1499,15,78
2024-03-09,Residencial,556,21,39
2024-03-09,Comercial,321,21,39
2024-03-09,Industrial,1365,21,39
2024-03-10,Residencial,519,11,33
2024-03-10,Comercial,320,11,33
2024-03-10,Industrial,1480,11,33
2024-03-11,Residencial,370,23,48
2024-03-11,Comercial,1123,23,48
2024-03-11,Industrial,1354,23,48
2024-03-12,Residencial,495,10,47
2024-03-12,Comercial,920,10,47
2024-03-12,Industrial,1600,10,47
2024-03-13,Residencial,508,19,40
2024-03-13,Comercial,948,19,40
2024-03-13,Industrial,1437,19,40
2024-03-14,Residencial,398,15,82
2024-03-14,Comercial,1093,15,82
2024-03-14,Industrial,1389,15,82
2024-03-15,Residencial,423,12,61
2024-03-15,Comercial,1038,12,61
2024-03-15,Industrial,1583,12,61
2024-03-16,Residencial,445,17,76
2024-03-16,Comercial,389,17,76
2024-03-16,Industrial,1504,17,76
2024-03-17,Residencial,632,13,26
2024-03-17,Comercial,406,13,26
2024-03-17,Industrial,1400,13,26
2024-03-18,Residencial,367,25,56
2024-03-18,Comercial,1048,25,56
2024-03-18,Industrial,1524,25,56
2024-03-19,Residencial,325,23,44
2024-03-19,Comercial,652,23,44
2024-03-19,Industrial,978,23,44
2024-03-20,Residencial,431,24,51
2024-03-20,Comercial,917,24,51
2024-03-20,Industrial,1638,24,51
2024-03-21,Residencial,567,19,37
2024-03-21,Comercial,975,19,37
2024-03-21,Industrial,1336,19,37
2024-03-22,Residencial,490,21,76
2024-03-22,Comercial,1072,21,76
2024-03-22,Industrial,1563,21,76
2024-03-23,Residencial,536,21,78
2024-03-23,Comercial,507,21,78
2024-03-23,Industrial,1583,21,78
2024-03-24,Residencial,450,20,21
2024-03-24,Comercial,514,20,21
2024-03-24,Industrial,1486,20,21
2024-03-25,Residencial,404,25,91
2024-03-25,Comercial,1079,25,91
2024-03-25,Industrial,1558,25,91
2024-03-26,Residencial,273,18,67
2024-03-26,Comercial,1175,18,67
2024-03-26,Industrial,1586,18,67
2024-03-27,Residencial,386,26,42
2024-03-27,Comercial,989,26,42
2024-03-27,Industrial,1631,26,42
2024-03-28,Residencial,462,19,69
2024-03-28,Comercial,1049,19,69
2024-03-28,Industrial,179,19,69
2024-03-29,Residencial,420,15,76
2024-03-29,Comercial,1089,15,76
2024-03-29,Industrial,1430,15,76
2024-03-30,Residencial,624,28,55
2024-03-30,Comercial,406,28,55
2024-03-30,Industrial,1473,28,55
2024-03-31,Residencial,714,28,94
2024-03-31,Comercial,439,28,94
2024-03-31,Industrial,1489,28,94
2024-04-01,Residencial,597,24,51
2024-04-01,Comercial,1163,24,51
2024-04-01,Industrial,1339,24,51
2024-04-02,Residencial,531,21,27
2024-04-02,Comercial,993,21,27
2024-04-02,Industrial,1504,21,27
2024-04-03,Residencial,348,24,92
2024-04-03,Comercial,999,24,92
2024-04-03,Industrial,1611,24,92
2024-04-04,Residencial,276,18,52
2024-04-04,Comercial,1010,18,52
2024-04-04,Industrial,193,18,52
2024-04-05,Residencial,534,21,43
2024-04-05,Comercial,836,21,43
2024-04-05,Industrial,1452,21,43
2024-04-06,Residencial,537,30,59
2024-04-06,Comercial,434,30,59
2024-04-06,Industrial,1623,30,59
2024-04-07,Residencial,591,27,62
2024-04-07,Comercial,484,27,62
2024-04-07,Industrial,1384,27,62
2024-04-08,Residencial,625,30,65
2024-04-08,Comercial,1183,30,65
2024-04-08,Industrial,1584,30,65
2024-04-09,Residencial,398,18,25
2024-04-09,Comercial,875,18,25
2024-04-09,Industrial,1470,18,25
2024-04-10,Residencial,403,25,89
2024-04-10,Comercial,1214,25,89
2024-04-10,Industrial,1618,25,89
2024-04-11,Residencial,361,18,84
2024-04-11,Comercial,992,18,84
2024-04-11,Industrial,1483,18,84
2024-04-12,Residencial,536,20,84
2024-04-12,Comercial,1169,20,84
2024-04-12,Industrial,1484,20,84
2024-04-13,Residencial,386,20,54
2024-04-13,Comercial,452,20,54
2024-04-13,Industrial,1578,20,54
2024-04-14,Residencial,533,27,40
2024-04-14,Comercial,416,27,40
2024-04-14,Industrial,222,27,40
2024-04-15,Residencial,428,33,65
2024-04-15,Comercial,1167,33,65
2024-04-15,Industrial,1454,33,65
2024-04-16,Residencial,373,18,52
2024-04-16,Comercial,798,18,52
2024-04-16,Industrial,1320,18,52
2024-04-17,Residencial,336,19,20
2024-04-17,Comercial,957,19,20
2024-04-17,Industrial,1362,19,20
2024-04-18,Residencial,467,23,43
2024-04-18,Comercial,1260,23,43
2024-04-18,Industrial,1639,23,43
2024-04-19,Residencial,462,28,78
2024-04-19,Comercial,1172,28,78
2024-04-19,Industrial,1616,28,78
2024-04-20,Residencial,562,25,45
2024-04-20,Comercial,350,25,45
2024-04-20,Industrial,1581,25,45
2024-04-21,Residencial,534,30,26
2024-04-21,Comercial,403,30,26
2024-04-21,Industrial,1468,30,26
2024-04-22,Residencial,504,34,75
2024-04-22,Comercial,1111,34,75
2024-04-22,Industrial,1469,34,75
2024-04-23,Residencial,432,22,78
2024-04-23,Comercial,882,22,78
2024-04-23,Industrial,1481,22,78
2024-04-24,Residencial,322,23,89
2024-04-24,Comercial,852,23,89
2024-04-24,Industrial,1684,23,89
2024-04-25,Residencial,344,29,94
2024-04-25,Comercial,1277,29,94
2024-04-25,Industrial,1505,29,94
2024-04-26,Residencial,383,24,89
2024-04-26,Comercial,974,24,89
2024-04-26,Industrial,1662,24,89
2024-04-27,Residencial,733,24,73
2024-04-27,Comercial,463,24,73
2024-04-27,Industrial,1364,24,73
2024-04-28,Residencial,583,20,64
2024-04-28,Comercial,390,20,64
2024-04-28,Industrial,1584,20,64
2024-04-29,Residencial,340,31,50
2024-04-29,Comercial,1213,31,50
2024-04-29,Industrial,1569,31,50
2024-04-30,Residencial,430,24,94
2024-04-30,Comercial,925,24,94
2024-04-30,Industrial,1654,24,94
2024-05-01,Residencial,579,29,39
2024-05-01,Comercial,1100,29,39
2024-05-01,Industrial,1640,29,39
2024-05-02,Residencial,406,27,92
2024-05-02,Comercial,897,27,92
2024-05-02,Industrial,1525,27,92
2024-05-03,Residencial,535,21,22
2024-05-03,Comercial,871,21,22
2024-05-03,Industrial,1570,21,22
2024-05-04,Residencial,369,24,75
2024-05-04,Comercial,420,24,75
2024-05-04,Industrial,1447,24,75
2024-05-05,Residencial,607,26,36
2024-05-05,Comercial,507,26,36
2024-05-05,Industrial,1329,26,36
2024-05-06,Residencial,481,21,56
2024-05-06,Comercial,925,21,56
2024-05-06,Industrial,1550,21,56
2024-05-07,Residencial,465,28,90
2024-05-07,Comercial,1043,28,90
2024-05-07,Industrial,1372,28,90
2024-05-08,Residencial,377,34,80
2024-05-08,Comercial,1006,34,80
2024-05-08,Industrial,1599,34,80
2024-05-09,Residencial,548,32,38
2024-05-09,Comercial,1205,32,38
2024-05-09,Industrial,1333,32,38
2024-05-10,Residencial,366,24,48
2024-05-10,Comercial,1195,24,48
2024-05-10,Industrial,1634,24,48
2024-05-11,Residencial,467,22,24
2024-05-11,Comercial,476,22,24
2024-05-11,Industrial,1610,22,24
2024-05-12,Residencial,472,30,77
2024-05-12,Comercial,393,30,77
2024-05-12,Industrial,1574,30,77
2024-05-13,Residencial,422,37,71
2024-05-13,Comercial,1156,37,71
2024-05-13,Industrial,1523,37,71
2024-05-14,Residencial,623,26,77
2024-05-14,Comercial,922,26,77
2024-05-14,Industrial,1537,26,77
2024-05-15,Residencial,636,32,89
2024-05-15,Comercial,1114,32,89
2024-05-15,Industrial,1521,32,89
2024-05-16,Residencial,451,35,91
2024-05-16,Comercial,1104,35,91
2024-05-16,Industrial,1366,35,91
2024-05-17,Residencial,606,28,94
2024-05-17,Comercial,1215,28,94
2024-05-17,Industrial,1595,28,94
2024-05-18,Residencial,519,23,62
2024-05-18,Comercial,391,23,62
2024-05-18,Industrial,1558,23,62
2024-05-19,Residencial,361,32,74
2024-05-19,Comercial,349,32,74
2024-05-19,Industrial,966,32,74
2024-05-20,Residencial,358,22,25
2024-05-20,Comercial,887,22,25
2024-05-20,Industrial,1600,22,25
2024-05-21,Residencial,588,30,92
2024-05-21,Comercial,923,30,92
2024-05-21,Industrial,1627,30,92
2024-05-22,Residencial,402,33,28
2024-05-22,Comercial,1070,33,28
2024-05-22,Industrial,1473,33,28
2024-05-23,Residencial,352,30,73
2024-05-23,Comercial,1248,30,73
2024-05-23,Industrial,1545,30,73
2024-05-24,Residencial,543,37,28
2024-05-24,Comercial,1080,37,28
2024-05-24,Industrial,1503,37,28
2024-05-25,Residencial,401,28,77
2024-05-25,Comercial,574,28,77
2024-05-25,Industrial,1474,28,77
2024-05-26,Residencial,671,22,81
2024-05-26,Comercial,365,22,81
2024-05-26,Industrial,1587,22,81
2024-05-27,Residencial,451,24,90
2024-05-27,Comercial,833,24,90
2024-05-27,Industrial,1602,24,90
2024-05-28,Residencial,433,33,22
2024-05-28,Comercial,1018,33,22
2024-05-28,Industrial,1445,33,22
2024-05-29,Residencial,419,37,22
2024-05-29,Comercial,1009,37,22
2024-05-29,Industrial,1329,37,22
2024-05-30,Residencial,617,35,60
2024-05-30,Comercial,981,35,60
2024-05-30,Industrial,1516,35,60
2024-05-31,Residencial,603,35,87
2024-05-31,Comercial,975,35,87
2024-05-31,Industrial,1463,35,87
2024-06-01,Residencial,380,24,64
2024-06-01,Comercial,559,24,64
2024-06-01,Industrial,222,24,64
2024-06-02,Residencial,464,36,86
2024-06-02,Comercial,529,36,86
2024-06-02,Industrial,1415,36,86
2024-06-03,Residencial,406,28,46
2024-06-03,Comercial,1222,28,46
2024-06-03,Industrial,1613,28,46
2024-06-04,Residencial,445,27,31
2024-06-04,Comercial,1261,27,31
2024-06-04,Industrial,1381,27,31
2024-06-05,Residencial,603,32,27
2024-06-05,Comercial,949,32,27
2024-06-05,Industrial,1550,32,27
2024-06-06,Residencial,480,23,92
2024-06-06,Comercial,1122,23,92
2024-06-06,Industrial,1444,23,92
2024-06-07,Residencial,420,30,53
2024-06-07,Comercial,1169,30,53
2024-06-07,Industrial,1477,30,53
2024-06-08,Residencial,314,29,49
2024-06-08,Comercial,263,29,49
2024-06-08,Industrial,778,29,49
2024-06-09,Residencial,674,27,75
2024-06-09,Comercial,553,27,75
2024-06-09,Industrial,1463,27,75
2024-06-10,Residencial,413,22,33
2024-06-10,Comercial,885,22,33
2024-06-10,Industrial,1600,22,33
2024-06-11,Residencial,656,35,83
2024-06-11,Comercial,1118,35,83
2024-06-11,Industrial,1588,35,83
2024-06-12,Residencial,479,29,77
2024-06-12,Comercial,877,29,77
2024-06-12,Industrial,1601,29,77
2024-06-13,Residencial,481,30,54
2024-06-13,Comercial,1119,30,54
2024-06-13,Industrial,1572,30,54
2024-06-14,Residencial,551,34,47
2024-06-14,Comercial,1116,34,47
2024-06-14,Industrial,1444,34,47
2024-06-15,Residencial,702,32,70
2024-06-15,Comercial,396,32,70
2024-06-15,Industrial,1459,32,70
2024-06-16,Residencial,529,36,38
2024-06-16,Comercial,446,36,38
2024-06-16,Industrial,1652,36,38
2024-06-17,Residencial,546,30,86
2024-06-17,Comercial,1147,30,86
2024-06-17,Industrial,1369,30,86
2024-06-18,Residencial,625,28,80
2024-06-18,Comercial,1010,28,80
2024-06-18,Industrial,1516,28,80
2024-06-19,Residencial,420,31,28
2024-06-19,Comercial,1205,31,28
2024-06-19,Industrial,1456,31,28
2024-06-20,Residencial,599,33,24
2024-06-20,Comercial,942,33,24
2024-06-20,Industrial,222,33,24
2024-06-21,Residencial,571,26,60
2024-06-21,Comercial,1025,26,60
2024-06-21,Industrial,1638,26,60
2024-06-22,Residencial,515,31,51
2024-06-22,Comercial,477,31,51
2024-06-22,Industrial,1605,31,51
2024-06-23,Residencial,630,35,65
2024-06-23,Comercial,560,35,65
2024-06-23,Industrial,1579,35,65
2024-06-24,Residencial,344,23,94
2024-06-24,Comercial,1004,23,94
2024-06-24,Industrial,1650,23,94
2024-06-25,Residencial,401,21,57
2024-06-25,Comercial,1122,21,57
2024-06-25,Industrial,1368,21,57
2024-06-26,Residencial,313,24,81
2024-06-26,Comercial,1034,24,81
2024-06-26,Industrial,1485,24,81
2024-06-27,Residencial,445,35,41
2024-06-27,Comercial,1024,35,41
2024-06-27,Industrial,1577,35,41
2024-06-28,Residencial,388,34,58
2024-06-28,Comercial,1269,34,58
2024-06-28,Industrial,1474,34,58
2024-06-29,Residencial,532,29,90
2024-06-29,Comercial,463,29,90
2024-06-29,Industrial,1414,29,90
2024-06-30,Residencial,453,22,43
2024-06-30,Comercial,409,22,43
2024-06-30,Industrial,1430,22,43
2024-07-01,Residencial,306,22,34
2024-07-01,Comercial,1200,22,34
2024-07-01,Industrial,1480,22,34
2024-07-02,Residencial,459,19,22
2024-07-02,Comercial,1072,19,22
2024-07-02,Industrial,1522,19,22
2024-07-03,Residencial,535,24,42
2024-07-03,Comercial,1159,24,42
2024-07-03,Industrial,1556,24,42
2024-07-04,Residencial,458,22,76
2024-07-04,Comercial,873,22,76
2024-07-04,Industrial,1349,22,76
2024-07-05,Residencial,373,22,64
2024-07-05,Comercial,874,22,64
2024-07-05,Industrial,1539,22,64
2024-07-06,Residencial,462,26,44
2024-07-06,Comercial,456,26,44
2024-07-06,Industrial,1611,26,44
2024-07-07,Residencial,617,24,33
2024-07-07,Comercial,464,24,33
2024-07-07,Industrial,1340,24,33
2024-07-08,Residencial,447,22,93
2024-07-08,Comercial,875,22,93
2024-07-08,Industrial,1491,22,93
2024-07-09,Residencial,473,26,42
2024-07-09,Comercial,1077,26,42
2024-07-09,Industrial,1386,26,42
2024-07-10,Residencial,411,31,37
2024-07-10,Comercial,1066,31,37
2024-07-10,Industrial,1375,31,37
2024-07-11,Residencial,342,23,86
2024-07-11,Comercial,1062,23,86
2024-07-11,Industrial,1522,23,86
2024-07-12,Residencial,456,23,32
2024-07-12,Comercial,899,23,32
2024-07-12,Industrial,1328,23,32
2024-07-13,Residencial,467,23,83
2024-07-13,Comercial,390,23,83
2024-07-13,Industrial,256,23,83
2024-07-14,Residencial,621,30,77
2024-07-14,Comercial,411,30,77
2024-07-14,Industrial,1432,30,77
2024-07-15,Residencial,445,21,65
2024-07-15,Comercial,1014,21,65
2024-07-15,Industrial,1546,21,65
2024-07-16,Residencial,430,29,82
2024-07-16,Comercial,1139,29,82
2024-07-16,Industrial,1627,29,82
2024-07-17,Residencial,570,32,84
2024-07-17,Comercial,935,32,84
2024-07-17,Industrial,1627,32,84
2024-07-18,Residencial,534,18,80
2024-07-18,Comercial,1130,18,80
2024-07-18,Industrial,1396,18,80
2024-07-19,Residencial,446,29,66
2024-07-19,Comercial,1025,29,66
2024-07-19,Industrial,1433,29,66
2024-07-20,Residencial,647,23,81
2024-07-20,Comercial,410,23,81
2024-07-20,Industrial,149,23,81
2024-07-21,Residencial,615,22,82
2024-07-21,Comercial,514,22,82
2024-07-21,Industrial,1465,22,82
2024-07-22,Residencial,456,28,39
2024-07-22,Comercial,1199,28,39
2024-07-22,Industrial,1596,28,39
2024-07-23,Residencial,491,20,57
2024-07-23,Comercial,1011,20,57
2024-07-23,Industrial,1527,20,57
2024-07-24,Residencial,382,23,34
2024-07-24,Comercial,1065,23,34
2024-07-24,Industrial,1423,23,34
2024-07-25,Residencial,393,16,92
2024-07-25,Comercial,1134,16,92
2024-07-25,Industrial,1469,16,92
2024-07-26,Residencial,373,21,37
2024-07-26,Comercial,1053,21,37
2024-07-26,Industrial,1424,21,37
2024-07-27,Residencial,522,29,53
2024-07-27,Comercial,542,29,53
2024-07-27,Industrial,1477,29,53
2024-07-28,Residencial,534,15,61
2024-07-28,Comercial,433,15,61
2024-07-28,Industrial,1488,15,61
2024-07-29,Residencial,350,18,45
2024-07-29,Comercial,940,18,45
2024-07-29,Industrial,1619,18,45
2024-07-30,Residencial,443,15,39
2024-07-30,Comercial,1025,15,39
2024-07-30,Industrial,1470,15,39
2024-07-31,Residencial,372,18,55
2024-07-31,Comercial,1124,18,55
2024-07-31,Industrial,1591,18,55
2024-08-01,Residencial,407,19,62
2024-08-01,Comercial,1134,19,62
2024-08-01,Industrial,1529,19,62
2024-08-02,Residencial,371,21,90
2024-08-02,Comercial,925,21,90
2024-08-02,Industrial,1326,21,90
2024-08-03,Residencial,469,22,33
2024-08-03,Comercial,433,22,33
2024-08-03,Industrial,1455,22,33
2024-08-04,Residencial,574,28,73
2024-08-04,Comercial,433,28,73
2024-08-04,Industrial,1481,28,73
2024-08-05,Residencial,314,20,75
2024-08-05,Comercial,876,20,75
2024-08-05,Industrial,1622,20,75
2024-08-06,Residencial,468,23,39
2024-08-06,Comercial,1161,23,39
2024-08-06,Industrial,1652,23,39
2024-08-07,Residencial,325,15,83
2024-08-07,Comercial,831,15,83
2024-08-07,Industrial,1308,15,83
2024-08-08,Residencial,644,27,82
2024-08-08,Comercial,1248,27,82
2024-08-08,Industrial,1535,27,82
2024-08-09,Residencial,492,23,86
2024-08-09,Comercial,1116,23,86
2024-08-09,Industrial,1569,23,86
2024-08-10,Residencial,479,24,43
2024-08-10,Comercial,439,24,43
2024-08-10,Industrial,1431,24,43
2024-08-11,Residencial,508,15,52
2024-08-11,Comercial,346,15,52
2024-08-11,Industrial,1608,15,52
2024-08-12,Residencial,365,26,91
2024-08-12,Comercial,1042,26,91
2024-08-12,Industrial,1314,26,91
2024-08-13,Residencial,402,15,25
2024-08-13,Comercial,1101,15,25
2024-08-13,Industrial,1622,15,25
2024-08-14,Residencial,457,19,42
2024-08-14,Comercial,1002,19,42
2024-08-14,Industrial,1531,19,42
2024-08-15,Residencial,492,23,46
2024-08-15,Comercial,1033,23,46
2024-08-15,Industrial,1537,23,46
2024-08-16,Residencial,377,18,74
2024-08-16,Comercial,908,18,74
2024-08-16,Industrial,1394,18,74
2024-08-17,Residencial,431,12,52
2024-08-17,Comercial,374,12,52
2024-08-17,Industrial,1636,12,52
2024-08-18,Residencial,530,15,74
2024-08-18,Comercial,444,15,74
2024-08-18,Industrial,1637,15,74
2024-08-19,Residencial,515,22,49
2024-08-19,Comercial,1178,22,49
2024-08-19,Industrial,1443,22,49
2024-08-20,Residencial,396,22,73
2024-08-20,Comercial,809,22,73
2024-08-20,Industrial,1431,22,73
2024-08-21,Residencial,408,21,87
2024-08-21,Comercial,1189,21,87
2024-08-21,Industrial,1357,21,87
2024-08-22,Residencial,428,10,22
2024-08-22,Comercial,878,10,22
2024-08-22,Industrial,1670,10,22
2024-08-23,Residencial,401,10,67
2024-08-23,Comercial,905,10,67
2024-08-23,Industrial,1557,10,67
2024-08-24,Residencial,443,22,71
2024-08-24,Comercial,327,22,71
2024-08-24,Industrial,1572,22,71
2024-08-25,Residencial,465,20,70
2024-08-25,Comercial,396,20,70
2024-08-25,Industrial,1483,20,70
2024-08-26,Residencial,329,14,92
2024-08-26,Comercial,814,14,92
2024-08-26,Industrial,1564,14,92
2024-08-27,Residencial,384,9,24
2024-08-27,Comercial,841,9,24
2024-08-27,Industrial,1610,9,24
2024-08-28,Residencial,360,9,24
2024-08-28,Comercial,928,9,24
2024-08-28,Industrial,1658,9,24
2024-08-29,Residencial,442,18,63
2024-08-29,Comercial,1039,18,63
2024-08-29,Industrial,1416,18,63
2024-08-30,Residencial,500,12,65
2024-08-30,Comercial,986,12,65
2024-08-30,Industrial,1374,12,65
2024-08-31,Residencial,598,20,34
2024-08-31,Comercial,470,20,34
2024-08-31,Industrial,1577,20,34
2024-09-01,Residencial,417,8,70
2024-09-01,Comercial,413,8,70
2024-09-01,Industrial,1584,8,70
2024-09-02,Residencial,519,12,90
2024-09-02,Comercial,848,12,90
2024-09-02,Industrial,1583,12,90
2024-09-03,Residencial,374,20,52
2024-09-03,Comercial,823,20,52
2024-09-03,Industrial,1390,20,52
2024-09-04,Residencial,347,8,29
2024-09-04,Comercial,835,8,29
2024-09-04,Industrial,1451,8,29
2024-09-05,Residencial,399,16,74
2024-09-05,Comercial,847,16,74
2024-09-05,Industrial,1336,16,74
2024-09-06,Residencial,281,19,22
2024-09-06,Comercial,1066,19,22
2024-09-06,Industrial,1456,19,22
2024-09-07,Residencial,564,14,28
2024-09-07,Comercial,306,14,28
2024-09-07,Industrial,1569,14,28
2024-09-08,Residencial,277,5,69
2024-09-08,Comercial,226,5,69
2024-09-08,Industrial,842,5,69
2024-09-09,Residencial,478,7,27
2024-09-09,Comercial,919,7,27
2024-09-09,Industrial,1637,7,27
2024-09-10,Residencial,396,6,90
2024-09-10,Comercial,806,6,90
2024-09-10,Industrial,1430,6,90
2024-09-11,Residencial,318,8,88
2024-09-11,Comercial,878,8,88
2024-09-11,Industrial,1396,8,88
2024-09-12,Residencial,351,8,50
2024-09-12,Comercial,978,8,50
2024-09-12,Industrial,1505,8,50
2024-09-13,Residencial,482,13,67
2024-09-13,Comercial,1070,13,67
2024-09-13,Industrial,1683,13,67
2024-09-14,Residencial,392,15,90
2024-09-14,Comercial,320,15,90
2024-09-14,Industrial,1532,15,90
2024-09-15,Residencial,559,16,66
2024-09-15,Comercial,374,16,66
2024-09-15,Industrial,1402,16,66
2024-09-16,Residencial,454,9,73
2024-09-16,Comercial,935,9,73
2024-09-16,Industrial,1504,9,73
2024-09-17,Residencial,352,11,78
2024-09-17,Comercial,853,11,78
2024-09-17,Industrial,1331,11,78
2024-09-18,Residencial,299,9,63
2024-09-18,Comercial,960,9,63
2024-09-18,Industrial,1534,9,63
2024-09-19,Residencial,390,12,30
2024-09-19,Comercial,850,12,30
2024-09-19,Industrial,1484,12,30
2024-09-20,Residencial,454,9,69
2024-09-20,Comercial,977,9,69
2024-09-20,Industrial,1507,9,69
2024-09-21,Residencial,430,4,49
2024-09-21,Comercial,406,4,49
2024-09-21,Industrial,1562,4,49
2024-09-22,Residencial,627,14,40
2024-09-22,Comercial,341,14,40
2024-09-22,Industrial,1611,14,40
2024-09-23,Residencial,504,12,93
2024-09-23,Comercial,1029,12,93
2024-09-23,Industrial,1475,12,93
2024-09-24,Residencial,165,4,67
2024-09-24,Comercial,561,4,67
2024-09-24,Industrial,1000,4,67
2024-09-25,Residencial,384,13,67
2024-09-25,Comercial,1024,13,67
2024-09-25,Industrial,1401,13,67
2024-09-26,Residencial,444,6,65
2024-09-26,Comercial,877,6,65
2024-09-26,Industrial,1613,6,65
2024-09-27,Residencial,304,0,84
2024-09-27,Comercial,881,0,84
2024-09-27,Industrial,141,0,84
2024-09-28,Residencial,291,0,93
2024-09-28,Comercial,304,0,93
2024-09-28,Industrial,1588,0,93
2024-09-29,Residencial,410,13,20
2024-09-29,Comercial,441,13,20
2024-09-29,Industrial,1461,13,20
2024-09-30,Residencial,421,6,43
2024-09-30,Comercial,913,6,43
2024-09-30,Industrial,1434,6,43
2024-10-01,Residencial,232,1,94
2024-10-01,Comercial,982,1,94
2024-10-01,Industrial,1411,1,94
2024-10-02,Residencial,405,7,93
2024-10-02,Comercial,771,7,93
2024-10-02,Industrial,1478,7,93
2024-10-03,Residencial,294,10,71
2024-10-03,Comercial,811,10,71
2024-10-03,Industrial,1520,10,71
2024-10-04,Residencial,413,9,26
2024-10-04,Comercial,980,9,26
2024-10-04,Industrial,1427,9,26
2024-10-05,Residencial,359,3,67
2024-10-05,Comercial,303,3,67
2024-10-05,Industrial,1450,3,67
2024-10-06,Residencial,476,1,49
2024-10-06,Comercial,321,1,49
2024-10-06,Industrial,1452,1,49
2024-10-07,Residencial,310,11,23
2024-10-07,Comercial,938,11,23
2024-10-07,Industrial,1612,11,23
2024-10-08,Residencial,407,2,77
2024-10-08,Comercial,841,2,77
2024-10-08,Industrial,1397,2,77
2024-10-09,Residencial,387,11,54
2024-10-09,Comercial,1060,11,54
2024-10-09,Industrial,1463,11,54
2024-10-10,Residencial,361,0,66
2024-10-10,Comercial,767,0,66
2024-10-10,Industrial,1417,0,66
2024-10-11,Residencial,390,3,57
2024-10-11,Comercial,936,3,57
2024-10-11,Industrial,1601,3,57
2024-10-12,Residencial,469,10,32
2024-10-12,Comercial,322,10,32
2024-10-12,Industrial,1569,10,32
2024-10-13,Residencial,355,11,49
2024-10-13,Comercial,329,11,49
2024-10-13,Industrial,1437,11,49
2024-10-14,Residencial,291,4,88
2024-10-14,Comercial,712,4,88
2024-10-14,Industrial,1602,4,88
2024-10-15,Residencial,388,7,31
2024-10-15,Comercial,818,7,31
2024-10-15,Industrial,1421,7,31
2024-10-16,Residencial,413,11,41
2024-10-16,Comercial,887,11,41
2024-10-16,Industrial,1421,11,41
2024-10-17,Residencial,301,2,28
2024-10-17,Comercial,678,2,28
2024-10-17,Industrial,1601,2,28
2024-10-18,Residencial,446,10,90
2024-10-18,Comercial,1036,10,90
2024-10-18,Industrial,1462,10,90
2024-10-19,Residencial,464,10,58
2024-10-19,Comercial,330,10,58
2024-10-19,Industrial,1330,10,58
2024-10-20,Residencial,531,8,36
2024-10-20,Comercial,377,8,36
2024-10-20,Industrial,1554,8,36
2024-10-21,Residencial,283,3,54
2024-10-21,Comercial,862,3,54
2024-10-21,Industrial,1478,3,54
2024-10-22,Residencial,260,7,22
2024-10-22,Comercial,969,7,22
2024-10-22,Industrial,1509,7,22
2024-10-23,Residencial,336,10,58
2024-10-23,Comercial,999,10,58
2024-10-23,Industrial,1312,10,58
2024-10-24,Residencial,247,5,84
2024-10-24,Comercial,836,5,84
2024-10-24,Industrial,1485,5,84
2024-10-25,Residencial,405,1,31
2024-10-25,Comercial,788,1,31
2024-10-25,Industrial,1655,1,31
2024-10-26,Residencial,390,-2,26
2024-10-26,Comercial,345,-2,26
2024-10-26,Industrial,169,-2,26
2024-10-27,Residencial,432,-4,70
2024-10-27,Comercial,390,-4,70
2024-10-27,Industrial,1649,-4,70
2024-10-28,Residencial,452,5,82
2024-10-28,Comercial,760,5,82
2024-10-28,Industrial,1459,5,82
2024-10-29,Residencial,292,4,73
2024-10-29,Comercial,852,4,73
2024-10-29,Industrial,1447,4,73
2024-10-30,Residencial,284,6,62
2024-10-30,Comercial,771,6,62
2024-10-30,Industrial,1443,6,62
2024-10-31,Residencial,346,-1,60
2024-10-31,Comercial,800,-1,60
2024-10-31,Industrial,145,-1,60
2024-11-01,Residencial,270,0,80
2024-11-01,Comercial,892,0,80
2024-11-01,Industrial,1507,0,80
2024-11-02,Residencial,412,6,94
2024-11-02,Comercial,410,6,94
2024-11-02,Industrial,1634,6,94
2024-11-03,Residencial,459,7,71
2024-11-03,Comercial,285,7,71
2024-11-03,Industrial,1445,7,71
2024-11-04,Residencial,344,3,24
2024-11-04,Comercial,861,3,24
2024-11-04,Industrial,1441,3,24
2024-11-05,Residencial,331,0,43
2024-11-05,Comercial,675,0,43
2024-11-05,Industrial,1573,0,43
2024-11-06,Residencial,443,5,92
2024-11-06,Comercial,988,5,92
2024-11-06,Industrial,1404,5,92
2024-11-07,Residencial,271,6,85
2024-11-07,Comercial,735,6,85
2024-11-07,Industrial,1608,6,85
2024-11-08,Residencial,422,5,76
2024-11-08,Comercial,751,5,76
2024-11-08,Industrial,1387,5,76
2024-11-09,Residencial,449,-3,23
2024-11-09,Comercial,308,-3,23
2024-11-09,Industrial,1498,-3,23
2024-11-10,Residencial,419,-1,84
2024-11-10,Comercial,299,-1,84
2024-11-10,Industrial,1384,-1,84
2024-11-11,Residencial,359,3,76
2024-11-11,Comercial,748,3,76
2024-11-11,Industrial,1510,3,76
2024-11-12,Residencial,436,-4,92
2024-11-12,Comercial,669,-4,92
2024-11-12,Industrial,1606,-4,92
2024-11-13,Residencial,382,-4,81
2024-11-13,Comercial,721,-4,81
2024-11-13,Industrial,1618,-4,81
2024-11-14,Residencial,431,-1,28
2024-11-14,Comercial,781,-1,28
2024-11-14,Industrial,1472,-1,28
2024-11-15,Residencial,339,2,88
2024-11-15,Comercial,797,2,88
2024-11-15,Industrial,1404,2,88
2024-11-16,Residencial,381,5,42
2024-11-16,Comercial,283,5,42
2024-11-16,Industrial,1380,5,42
2024-11-17,Residencial,325,-1,49
2024-11-17,Comercial,262,-1,49
2024-11-17,Industrial,1467,-1,49
2024-11-18,Residencial,409,0,94
2024-11-18,Comercial,723,0,94
2024-11-18,Industrial,1637,0,94
2024-11-19,Residencial,311,1,42
2024-11-19,Comercial,836,1,42
2024-11-19,Industrial,1350,1,42
2024-11-20,Residencial,224,-6,25
2024-11-20,Comercial,667,-6,25
2024-11-20,Industrial,1349,-6,25
2024-11-21,Residencial,392,0,43
2024-11-21,Comercial,835,0,43
2024-11-21,Industrial,1423,0,43
2024-11-22,Residencial,436,4,42
2024-11-22,Comercial,840,4,42
2024-11-22,Industrial,1672,4,42
2024-11-23,Residencial,359,7,25
2024-11-23,Comercial,278,7,25
2024-11-23,Industrial,1501,7,25
2024-11-24,Residencial,538,4,47
2024-11-24,Comercial,312,4,47
2024-11-24,Industrial,1398,4,47
2024-11-25,Residencial,394,6,52
2024-11-25,Comercial,945,6,52
2024-11-25,Industrial,1453,6,52
2024-11-26,Residencial,377,2,57
2024-11-26,Comercial,731,2,57
2024-11-26,Industrial,1490,2,57
2024-11-27,Residencial,282,0,79
2024-11-27,Comercial,804,0,79
2024-11-27,Industrial,1547,0,79
2024-11-28,Residencial,400,5,86
2024-11-28,Comercial,713,5,86
2024-11-28,Industrial,1585,5,86
2024-11-29,Residencial,369,-4,77
2024-11-29,Comercial,747,-4,77
2024-11-29,Industrial,1417,-4,77
2024-11-30,Residencial,409,1,91
2024-11-30,Comercial,246,1,91
2024-11-30,Industrial,1442,1,91
2024-12-01,Residencial,332,1,84
2024-12-01,Comercial,375,1,84
2024-12-01,Industrial,1524,1,84
2024-12-02,Residencial,331,6,46
2024-12-02,Comercial,936,6,46
2024-12-02,Industrial,1599,6,46
2024-12-03,Residencial,344,5,71
2024-12-03,Comercial,718,5,71
2024-12-03,Industrial,1384,5,71
2024-12-04,Residencial,360,-4,63
2024-12-04,Comercial,679,-4,63
2024-12-04,Industrial,1548,-4,63
2024-12-05,Residencial,264,6,22
2024-12-05,Comercial,692,6,22
2024-12-05,Industrial,1466,6,22
2024-12-06,Residencial,248,0,46
2024-12-06,Comercial,730,0,46
2024-12-06,Industrial,1528,0,46
2024-12-07,Residencial,592,5,62
2024-12-07,Comercial,414,5,62
2024-12-07,Industrial,210,5,62
2024-12-08,Residencial,512,-1,79
2024-12-08,Comercial,366,-1,79
2024-12-08,Industrial,1586,-1,79
2024-12-09,Residencial,273,5,22
2024-12-09,Comercial,708,5,22
2024-12-09,Industrial,1591,5,22
2024-12-10,Residencial,330,-7,34
2024-12-10,Comercial,844,-7,34
2024-12-10,Industrial,1559,-7,34
2024-12-11,Residencial,318,-5,43
2024-12-11,Comercial,665,-5,43
2024-12-11,Industrial,1603,-5,43
2024-12-12,Residencial,300,7,42
2024-12-12,Comercial,793,7,42
2024-12-12,Industrial,1648,7,42
2024-12-13,Residencial,279,1,73
2024-12-13,Comercial,912,1,73
2024-12-13,Industrial,1417,1,73
2024-12-14,Residencial,380,0,85
2024-12-14,Comercial,342,0,85
2024-12-14,Industrial,1378,0,85
2024-12-15,Residencial,518,5,80
2024-12-15,Comercial,368,5,80
2024-12-15,Industrial,1496,5,80
2024-12-16,Residencial,237,-3,39
2024-12-16,Comercial,866,-3,39
2024-12-16,Industrial,1617,-3,39
2024-12-17,Residencial,476,7,77
2024-12-17,Comercial,816,7,77
2024-12-17,Industrial,1636,7,77
2024-12-18,Residencial,336,0,21
2024-12-18,Comercial,662,0,21
2024-12-18,Industrial,1349,0,21
2024-12-19,Residencial,320,7,86
2024-12-19,Comercial,964,7,86
2024-12-19,Industrial,1624,7,86
2024-12-20,Residencial,358,0,22
2024-12-20,Comercial,760,0,22
2024-12-20,Industrial,1597,0,22
2024-12-21,Residencial,391,0,64
2024-12-21,Comercial,296,0,64
2024-12-21,Industrial,1605,0,64
2024-12-22,Residencial,425,2,39
2024-12-22,Comercial,390,2,39
2024-12-22,Industrial,1527,2,39
2024-12-23,Residencial,315,2,93
2024-12-23,Comercial,738,2,93
2024-12-23,Industrial,1453,2,93
2024-12-24,Residencial,358,-6,86
2024-12-24,Comercial,765,-6,86
2024-12-24,Industrial,1605,-6,86
2024-12-25,Residencial,203,0,62
2024-12-25,Comercial,709,0,62
2024-12-25,Industrial,1329,0,62
2024-12-26,Residencial,335,9,33
2024-12-26,Comercial,844,9,33
2024-12-26,Industrial,1363,9,33
2024-12-27,Residencial,382,-5,87
2024-12-27,Comercial,878,-5,87
2024-12-27,Industrial,1417,-5,87
2024-12-28,Residencial,410,5,44
2024-12-28,Comercial,271,5,44
2024-12-28,Industrial,1672,5,44
2024-12-29,Residencial,165,1,22
2024-12-29,Comercial,252,1,22
2024-12-29,Industrial,955,1,22
2024-12-30,Residencial,363,1,33
2024-12-30,Comercial,809,1,33
2024-12-30,Industrial,1369,1,33
2024-12-31,Residencial,279,5,32
2024-12-31,Comercial,888,5,32
2024-12-31,Industrial,1570,5,32
2025-01-01,Residencial,343,-2,29
2025-01-01,Comercial,720,-2,29
2025-01-01,Industrial,1483,-2,29
2025-01-02,Residencial,284,9,91
2025-01-02,Comercial,716,9,91
2025-01-02,Industrial,1585,9,91
2025-01-03,Residencial,443,6,88
2025-01-03,Comercial,987,6,88
2025-01-03,Industrial,1420,6,88
2025-01-04,Residencial,460,6,82
2025-01-04,Comercial,365,6,82
2025-01-04,Industrial,1396,6,82
2025-01-05,Residencial,459,2,74
2025-01-05,Comercial,302,2,74
2025-01-05,Industrial,1518,2,74
2025-01-06,Residencial,392,5,43
2025-01-06,Comercial,767,5,43
2025-01-06,Industrial,1631,5,43
2025-01-07,Residencial,362,8,65
2025-01-07,Comercial,835,8,65
2025-01-07,Industrial,1540,8,65
2025-01-08,Residencial,284,-1,71
2025-01-08,Comercial,872,-1,71
2025-01-08,Industrial,1405,-1,71
2025-01-09,Residencial,522,9,69
2025-01-09,Comercial,880,9,69
2025-01-09,Industrial,1408,9,69
2025-01-10,Residencial,450,7,35
2025-01-10,Comercial,971,7,35
2025-01-10,Industrial,1567,7,35
2025-01-11,Residencial,414,9,80
2025-01-11,Comercial,354,9,80
2025-01-11,Industrial,1394,9,80
2025-01-12,Residencial,321,5,45
2025-01-12,Comercial,374,5,45
2025-01-12,Industrial,1458,5,45
2025-01-13,Residencial,229,-3,65
2025-01-13,Comercial,775,-3,65
2025-01-13,Industrial,1515,-3,65
2025-01-14,Residencial,342,4,85
2025-01-14,Comercial,670,4,85
2025-01-14,Industrial,1423,4,85
2025-01-15,Residencial,394,10,89
2025-01-15,Comercial,782,10,89
2025-01-15,Industrial,1403,10,89
2025-01-16,Residencial,391,9,34
2025-01-16,Comercial,819,9,34
2025-01-16,Industrial,1609,9,34
2025-01-17,Residencial,284,0,46
2025-01-17,Comercial,755,0,46
2025-01-17,Industrial,1573,0,46
2025-01-18,Residencial,356,5,93
2025-01-18,Comercial,315,5,93
2025-01-18,Industrial,1393,5,93
2025-01-19,Residencial,404,-1,43
2025-01-19,Comercial,343,-1,43
2025-01-19,Industrial,1391,-1,43
2025-01-20,Residencial,298,7,56
2025-01-20,Comercial,739,7,56
2025-01-20,Industrial,1476,7,56
2025-01-21,Residencial,304,-1,47
2025-01-21,Comercial,776,-1,47
2025-01-21,Industrial,1425,-1,47
2025-01-22,Residencial,382,1,40
2025-01-22,Comercial,898,1,40
2025-01-22,Industrial,1607,1,40
2025-01-23,Residencial,339,6,55
2025-01-23,Comercial,938,6,55
2025-01-23,Industrial,222,6,55
2025-01-24,Residencial,376,1,64
2025-01-24,Comercial,728,1,64
2025-01-24,Industrial,1538,1,64
2025-01-25,Residencial,426,0,68
2025-01-25,Comercial,247,0,68
2025-01-25,Industrial,1425,0,68
2025-01-26,Residencial,489,8,65
2025-01-26,Comercial,370,8,65
2025-01-26,Industrial,1483,8,65
2025-01-27,Residencial,351,10,90
2025-01-27,Comercial,976,10,90
2025-01-27,Industrial,1414,10,90
2025-01-28,Residencial,372,13,30
2025-01-28,Comercial,1020,13,30
2025-01-28,Industrial,1637,13,30
2025-01-29,Residencial,447,14,22
2025-01-29,Comercial,990,14,22
2025-01-29,Industrial,1386,14,22
2025-01-30,Residencial,360,0,82
2025-01-30,Comercial,824,0,82
2025-01-30,Industrial,1576,0,82
2025-01-31,Residencial,369,11,82
2025-01-31,Comercial,900,11,82
2025-01-31,Industrial,1432,11,82
2025-02-01,Residencial,297,10,26
2025-02-01,Comercial,359,10,26
2025-02-01,Industrial,1386,10,26
2025-02-02,Residencial,466,2,70
2025-02-02,Comercial,381,2,70
2025-02-02,Industrial,1400,2,70
2025-02-03,Residencial,227,2,36
2025-02-03,Comercial,674,2,36
2025-02-03,Industrial,1681,2,36
2025-02-04,Residencial,365,1,31
2025-02-04,Comercial,935,1,31
2025-02-04,Industrial,1336,1,31
2025-02-05,Residencial,388,1,57
2025-02-05,Comercial,692,1,57
2025-02-05,Industrial,1565,1,57
2025-02-06,Residencial,404,7,83
2025-02-06,Comercial,816,7,83
2025-02-06,Industrial,1625,7,83
2025-02-07,Residencial,386,5,33
2025-02-07,Comercial,959,5,33
2025-02-07,Industrial,1410,5,33
2025-02-08,Residencial,517,8,26
2025-02-08,Comercial,374,8,26
2025-02-08,Industrial,1438,8,26
2025-02-09,Residencial,472,5,45
2025-02-09,Comercial,366,5,45
2025-02-09,Industrial,1442,5,45
2025-02-10,Residencial,330,7,48
2025-02-10,Comercial,771,7,48
2025-02-10,Industrial,1559,7,48
2025-02-11,Residencial,315,16,71
2025-02-11,Comercial,915,16,71
2025-02-11,Industrial,1410,16,71
2025-02-12,Residencial,344,6,46
2025-02-12,Comercial,827,6,46
2025-02-12,Industrial,1504,6,46
2025-02-13,Residencial,242,3,61
2025-02-13,Comercial,660,3,61
2025-02-13,Industrial,1590,3,61
2025-02-14,Residencial,311,4,93
2025-02-14,Comercial,860,4,93
2025-02-14,Industrial,227,4,93
2025-02-15,Residencial,451,5,59
2025-02-15,Comercial,311,5,59
2025-02-15,Industrial,1652,5,59
2025-02-16,Residencial,386,4,52
2025-02-16,Comercial,338,4,52
2025-02-16,Industrial,1439,4,52
2025-02-17,Residencial,329,14,48
2025-02-17,Comercial,935,14,48
2025-02-17,Industrial,1552,14,48
2025-02-18,Residencial,385,17,81
2025-02-18,Comercial,806,17,81
2025-02-18,Industrial,1420,17,81
2025-02-19,Residencial,297,6,84
2025-02-19,Comercial,1012,6,84
2025-02-19,Industrial,1410,6,84
2025-02-20,Residencial,371,12,93
2025-02-20,Comercial,841,12,93
2025-02-20,Industrial,1373,12,93
2025-02-21,Residencial,440,14,63
2025-02-21,Comercial,1067,14,63
2025-02-21,Industrial,1398,14,63
2025-02-22,Residencial,464,17,80
2025-02-22,Comercial,403,17,80
2025-02-22,Industrial,1555,17,80
2025-02-23,Residencial,571,11,82
2025-02-23,Comercial,397,11,82
2025-02-23,Industrial,1510,11,82
2025-02-24,Residencial,333,15,39
2025-02-24,Comercial,965,15,39
2025-02-24,Industrial,1600,15,39
2025-02-25,Residencial,279,6,62
2025-02-25,Comercial,867,6,62
2025-02-25,Industrial,1376,6,62
2025-02-26,Residencial,394,20,84
2025-02-26,Comercial,1121,20,84
2025-02-26,Industrial,1440,20,84
2025-02-27,Residencial,431,9,89
2025-02-27,Comercial,882,9,89
2025-02-27,Industrial,1490,9,89
2025-02-28,Residencial,296,9,80
2025-02-28,Comercial,850,9,80
2025-02-28,Industrial,1402,9,80
2025-03-01,Residencial,609,19,43
2025-03-01,Comercial,506,19,43
2025-03-01,Industrial,1504,19,43
2025-03-02,Residencial,620,17,86
2025-03-02,Comercial,437,17,86
2025-03-02,Industrial,1530,17,86
2025-03-03,Residencial,332,18,40
2025-03-03,Comercial,1110,18,40
2025-03-03,Industrial,1572,18,40
2025-03-04,Residencial,413,11,63
2025-03-04,Comercial,981,11,63
2025-03-04,Industrial,1614,11,63
2025-03-05,Residencial,364,17,60
2025-03-05,Comercial,1020,17,60
2025-03-05,Industrial,1456,17,60
2025-03-06,Residencial,429,11,73
2025-03-06,Comercial,893,11,73
2025-03-06,Industrial,1551,11,73
2025-03-07,Residencial,501,11,35
2025-03-07,Comercial,970,11,35
2025-03-07,Industrial,1619,11,35
2025-03-08,Residencial,512,20,20
2025-03-08,Comercial,438,20,20
2025-03-08,Industrial,1588,20,20
2025-03-09,Residencial,543,21,32
2025-03-09,Comercial,499,21,32
2025-03-09,Industrial,1378,21,32
2025-03-10,Residencial,402,19,81
2025-03-10,Comercial,818,19,81
2025-03-10,Industrial,199,19,81
2025-03-11,Residencial,389,24,37
2025-03-11,Comercial,1064,24,37
2025-03-11,Industrial,1473,24,37
2025-03-12,Residencial,446,14,84
2025-03-12,Comercial,1128,14,84
2025-03-12,Industrial,1575,14,84
2025-03-13,Residencial,530,25,34
2025-03-13,Comercial,1119,25,34
2025-03-13,Industrial,1411,25,34
2025-03-14,Residencial,399,18,24
2025-03-14,Comercial,1091,18,24
2025-03-14,Industrial,1518,18,24
2025-03-15,Residencial,536,24,38
2025-03-15,Comercial,370,24,38
2025-03-15,Industrial,1441,24,38
2025-03-16,Residencial,391,15,35
2025-03-16,Comercial,376,15,35
2025-03-16,Industrial,252,15,35
2025-03-17,Residencial,327,20,39
2025-03-17,Comercial,901,20,39
2025-03-17,Industrial,1599,20,39
2025-03-18,Residencial,305,13,37
2025-03-18,Comercial,805,13,37
2025-03-18,Industrial,1458,13,37
2025-03-19,Residencial,505,15,80
2025-03-19,Comercial,1157,15,80
2025-03-19,Industrial,1609,15,80
2025-03-20,Residencial,329,16,54
2025-03-20,Comercial,945,16,54
2025-03-20,Industrial,1645,16,54
2025-03-21,Residencial,367,14,49
2025-03-21,Comercial,1043,14,49
2025-03-21,Industrial,1638,14,49
2025-03-22,Residencial,555,17,71
2025-03-22,Comercial,426,17,71
2025-03-22,Industrial,1683,17,71
2025-03-23,Residencial,542,26,38
2025-03-23,Comercial,405,26,38
2025-03-23,Industrial,1469,26,38
2025-03-24,Residencial,405,18,76
2025-03-24,Comercial,963,18,76
2025-03-24,Industrial,1414,18,76
2025-03-25,Residencial,449,22,42
2025-03-25,Comercial,1225,22,42
2025-03-25,Industrial,1521,22,42
2025-03-26,Residencial,434,25,21
2025-03-26,Comercial,1141,25,21
2025-03-26,Industrial,226,25,21
2025-03-27,Residencial,527,22,40
2025-03-27,Comercial,1178,22,40
2025-03-27,Industrial,1582,22,40
2025-03-28,Residencial,424,15,71
2025-03-28,Comercial,932,15,71
2025-03-28,Industrial,1532,15,71
2025-03-29,Residencial,516,15,73
2025-03-29,Comercial,384,15,73
2025-03-29,Industrial,1326,15,73
2025-03-30,Residencial,570,19,54
2025-03-30,Comercial,393,19,54
2025-03-30,Industrial,201,19,54
2025-03-31,Residencial,472,26,40
2025-03-31,Comercial,1010,26,40
2025-03-31,Industrial,1650,26,40
2025-04-01,Residencial,514,21,71
2025-04-01,Comercial,932,21,71
2025-04-01,Industrial,1552,21,71
2025-04-02,Residencial,398,16,67
2025-04-02,Comercial,1015,16,67
2025-04-02,Industrial,1400,16,67
2025-04-03,Residencial,318,22,34
2025-04-03,Comercial,1123,22,34
2025-04-03,Industrial,1448,22,34
2025-04-04,Residencial,373,16,82
2025-04-04,Comercial,1110,16,82
2025-04-04,Industrial,1567,16,82
2025-04-05,Residencial,535,24,81
2025-04-05,Comercial,357,24,81
2025-04-05,Industrial,1444,24,81
2025-04-06,Residencial,391,18,64
2025-04-06,Comercial,412,18,64
2025-04-06,Industrial,1389,18,64
2025-04-07,Residencial,554,24,66
2025-04-07,Comercial,1005,24,66
2025-04-07,Industrial,1365,24,66
2025-04-08,Residencial,342,17,84
2025-04-08,Comercial,1100,17,84
2025-04-08,Industrial,1558,17,84
2025-04-09,Residencial,499,18,46
2025-04-09,Comercial,943,18,46
2025-04-09,Industrial,1448,18,46
2025-04-10,Residencial,518,23,51
2025-04-10,Comercial,1053,23,51
2025-04-10,Industrial,1545,23,51
2025-04-11,Residencial,412,29,36
2025-04-11,Comercial,1261,29,36
2025-04-11,Industrial,1513,29,36
2025-04-12,Residencial,732,30,21
2025-04-12,Comercial,436,30,21
2025-04-12,Industrial,1640,30,21
2025-04-13,Residencial,487,17,28
2025-04-13,Comercial,440,17,28
2025-04-13,Industrial,1536,17,28
2025-04-14,Residencial,549,28,55
2025-04-14,Comercial,1036,28,55
2025-04-14,Industrial,1534,28,55
2025-04-15,Residencial,530,22,54
2025-04-15,Comercial,1028,22,54
2025-04-15,Industrial,1356,22,54
2025-04-16,Residencial,529,31,82
2025-04-16,Comercial,1287,31,82
2025-04-16,Industrial,1393,31,82
2025-04-17,Residencial,377,22,37
2025-04-17,Comercial,1109,22,37
2025-04-17,Industrial,1576,22,37
2025-04-18,Residencial,377,18,36
2025-04-18,Comercial,953,18,36
2025-04-18,Industrial,1470,18,36
2025-04-19,Residencial,471,25,27
2025-04-19,Comercial,400,25,27
2025-04-19,Industrial,1397,25,27
2025-04-20,Residencial,536,18,59
2025-04-20,Comercial,437,18,59
2025-04-20,Industrial,1477,18,59
2025-04-21,Residencial,545,27,93
2025-04-21,Comercial,935,27,93
2025-04-21,Industrial,159,27,93
2025-04-22,Residencial,393,24,58
2025-04-22,Comercial,1165,24,58
2025-04-22,Industrial,208,24,58
2025-04-23,Residencial,602,32,63
2025-04-23,Comercial,1265,32,63
2025-04-23,Industrial,1526,32,63
2025-04-24,Residencial,449,32,79
2025-04-24,Comercial,1098,32,79
2025-04-24,Industrial,1408,32,79
2025-04-25,Residencial,582,28,30
2025-04-25,Comercial,950,28,30
2025-04-25,Industrial,1553,28,30
2025-04-26,Residencial,802,33,83
2025-04-26,Comercial,404,33,83
2025-04-26,Industrial,1470,33,83
2025-04-27,Residencial,686,23,79
2025-04-27,Comercial,475,23,79
2025-04-27,Industrial,1435,23,79
2025-04-28,Residencial,352,26,39
2025-04-28,Comercial,1034,26,39
2025-04-28,Industrial,1474,26,39
2025-04-29,Residencial,628,35,51
2025-04-29,Comercial,1111,35,51
2025-04-29,Industrial,1582,35,51
2025-04-30,Residencial,338,22,47
2025-04-30,Comercial,1169,22,47
2025-04-30,Industrial,1522,22,47
2025-05-01,Residencial,397,24,70
2025-05-01,Comercial,1020,24,70
2025-05-01,Industrial,1353,24,70
2025-05-02,Residencial,518,32,49
2025-05-02,Comercial,1248,32,49
2025-05-02,Industrial,1637,32,49
2025-05-03,Residencial,382,20,58
2025-05-03,Comercial,336,20,58
2025-05-03,Industrial,1628,20,58
2025-05-04,Residencial,757,29,54
2025-05-04,Comercial,572,29,54
2025-05-04,Industrial,1426,29,54
2025-05-05,Residencial,638,34,83
2025-05-05,Comercial,1029,34,83
2025-05-05,Industrial,1447,34,83
2025-05-06,Residencial,591,29,27
2025-05-06,Comercial,929,29,27
2025-05-06,Industrial,1503,29,27
2025-05-07,Residencial,451,27,30
2025-05-07,Comercial,1163,27,30
2025-05-07,Industrial,1543,27,30
2025-05-08,Residencial,426,35,58
2025-05-08,Comercial,1019,35,58
2025-05-08,Industrial,1551,35,58
2025-05-09,Residencial,433,22,59
2025-05-09,Comercial,1004,22,59
2025-05-09,Industrial,1659,22,59
2025-05-10,Residencial,619,32,62
2025-05-10,Comercial,486,32,62
2025-05-10,Industrial,1590,32,62
2025-05-11,Residencial,473,27,68
2025-05-11,Comercial,432,27,68
2025-05-11,Industrial,1529,27,68
2025-05-12,Residencial,441,21,57
2025-05-12,Comercial,1008,21,57
2025-05-12,Industrial,1503,21,57
2025-05-13,Residencial,564,33,58
2025-05-13,Comercial,1036,33,58
2025-05-13,Industrial,1351,33,58
2025-05-14,Residencial,417,28,81
2025-05-14,Comercial,978,28,81
2025-05-14,Industrial,1518,28,81
2025-05-15,Residencial,379,24,72
2025-05-15,Comercial,1164,24,72
2025-05-15,Industrial,1574,24,72
2025-05-16,Residencial,397,34,20
2025-05-16,Comercial,1012,34,20
2025-05-16,Industrial,1465,34,20
2025-05-17,Residencial,492,32,89
2025-05-17,Comercial,417,32,89
2025-05-17,Industrial,1444,32,89
2025-05-18,Residencial,469,33,32
2025-05-18,Comercial,560,33,32
2025-05-18,Industrial,1348,33,32
2025-05-19,Residencial,351,27,37
2025-05-19,Comercial,1009,27,37
2025-05-19,Industrial,1605,27,37
2025-05-20,Residencial,647,34,44
2025-05-20,Comercial,1387,34,44
2025-05-20,Industrial,1408,34,44
2025-05-21,Residencial,377,31,72
2025-05-21,Comercial,960,31,72
2025-05-21,Industrial,1372,31,72
2025-05-22,Residencial,386,22,72
2025-05-22,Comercial,831,22,72
2025-05-22,Industrial,1542,22,72
2025-05-23,Residencial,423,31,83
2025-05-23,Comercial,1017,31,83
2025-05-23,Industrial,1534,31,83
2025-05-24,Residencial,596,32,46
2025-05-24,Comercial,482,32,46
2025-05-24,Industrial,1478,32,46
2025-05-25,Residencial,750,31,81
2025-05-25,Comercial,475,31,81
2025-05-25,Industrial,1438,31,81
2025-05-26,Residencial,451,31,25
2025-05-26,Comercial,1323,31,25
2025-05-26,Industrial,1571,31,25
2025-05-27,Residencial,471,30,64
2025-05-27,Comercial,1041,30,64
2025-05-27,Industrial,1455,30,64
2025-05-28,Residencial,476,37,20
2025-05-28,Comercial,1356,37,20
2025-05-28,Industrial,1588,37,20
2025-05-29,Residencial,483,37,38
2025-05-29,Comercial,1257,37,38
2025-05-29,Industrial,1481,37,38
2025-05-30,Residencial,458,30,31
2025-05-30,Comercial,975,30,31
2025-05-30,Industrial,1626,30,31
2025-05-31,Residencial,507,29,87
2025-05-31,Comercial,480,29,87
2025-05-31,Industrial,1481,29,87
2025-06-01,Residencial,541,32,94
2025-06-01,Comercial,529,32,94
2025-06-01,Industrial,1500,32,94
2025-06-02,Residencial,653,33,37
2025-06-02,Comercial,1174,33,37
2025-06-02,Industrial,1438,33,37
2025-06-03,Residencial,545,36,69
2025-06-03,Comercial,1427,36,69
2025-06-03,Industrial,1531,36,69
2025-06-04,Residencial,524,24,27
2025-06-04,Comercial,928,24,27
2025-06-04,Industrial,1412,24,27
2025-06-05,Residencial,354,31,51
2025-06-05,Comercial,1146,31,51
2025-06-05,Industrial,1401,31,51
2025-06-06,Residencial,485,27,66
2025-06-06,Comercial,1258,27,66
2025-06-06,Industrial,1452,27,66
2025-06-07,Residencial,764,33,26
2025-06-07,Comercial,514,33,26
2025-06-07,Industrial,1461,33,26
2025-06-08,Residencial,816,33,45
2025-06-08,Comercial,508,33,45
2025-06-08,Industrial,1466,33,45
2025-06-09,Residencial,497,22,73
2025-06-09,Comercial,1020,22,73
2025-06-09,Industrial,1497,22,73
2025-06-10,Residencial,636,30,66
2025-06-10,Comercial,1105,30,66
2025-06-10,Industrial,1448,30,66
2025-06-11,Residencial,438,24,72
2025-06-11,Comercial,1057,24,72
2025-06-11,Industrial,1463,24,72
2025-06-12,Residencial,364,27,76
2025-06-12,Comercial,1075,27,76
2025-06-12,Industrial,1443,27,76
2025-06-13,Residencial,424,29,88
2025-06-13,Comercial,1236,29,88
2025-06-13,Industrial,1311,29,88
2025-06-14,Residencial,437,26,93
2025-06-14,Comercial,396,26,93
2025-06-14,Industrial,1621,26,93
2025-06-15,Residencial,485,22,45
2025-06-15,Comercial,443,22,45
2025-06-15,Industrial,1544,22,45
2025-06-16,Residencial,538,32,21
2025-06-16,Comercial,1260,32,21
2025-06-16,Industrial,1503,32,21
2025-06-17,Residencial,537,26,22
2025-06-17,Comercial,1174,26,22
2025-06-17,Industrial,1479,26,22
2025-06-18,Residencial,209,25,57
2025-06-18,Comercial,568,25,57
2025-06-18,Industrial,943,25,57
2025-06-19,Residencial,522,23,22
2025-06-19,Comercial,880,23,22
2025-06-19,Industrial,1636,23,22
2025-06-20,Residencial,666,29,67
2025-06-20,Comercial,992,29,67
2025-06-20,Industrial,1458,29,67
2025-06-21,Residencial,484,34,67
2025-06-21,Comercial,495,34,67
2025-06-21,Industrial,1411,34,67
2025-06-22,Residencial,497,26,69
2025-06-22,Comercial,421,26,69
2025-06-22,Industrial,1597,26,69
2025-06-23,Residencial,506,26,25
2025-06-23,Comercial,1226,26,25
2025-06-23,Industrial,1596,26,25
2025-06-24,Residencial,469,26,69
2025-06-24,Comercial,905,26,69
2025-06-24,Industrial,1480,26,69
2025-06-25,Residencial,608,26,82
2025-06-25,Comercial,1047,26,82
2025-06-25,Industrial,1460,26,82
2025-06-26,Residencial,490,30,21
2025-06-26,Comercial,1070,30,21
2025-06-26,Industrial,1558,30,21
2025-06-27,Residencial,440,24,39
2025-06-27,Comercial,976,24,39
2025-06-27,Industrial,1470,24,39
2025-06-28,Residencial,760,28,25
2025-06-28,Comercial,414,28,25
2025-06-28,Industrial,1415,28,25
2025-06-29,Residencial,722,29,20
2025-06-29,Comercial,499,29,20
2025-06-29,Industrial,1460,29,20
2025-06-30,Residencial,460,21,54
2025-06-30,Comercial,1057,21,54
2025-06-30,Industrial,1412,21,54
2025-07-01,Residencial,578,31,93
2025-07-01,Comercial,921,31,93
2025-07-01,Industrial,1565,31,93
2025-07-02,Residencial,520,20,80
2025-07-02,Comercial,906,20,80
2025-07-02,Industrial,1423,20,80
2025-07-03,Residencial,527,21,57
2025-07-03,Comercial,1047,21,57
2025-07-03,Industrial,1548,21,57
2025-07-04,Residencial,352,22,72
2025-07-04,Comercial,608,22,72
2025-07-04,Industrial,788,22,72
2025-07-05,Residencial,526,20,85
2025-07-05,Comercial,438,20,85
2025-07-05,Industrial,1629,20,85
2025-07-06,Residencial,435,20,32
2025-07-06,Comercial,407,20,32
2025-07-06,Industrial,1393,20,32
2025-07-07,Residencial,506,27,85
2025-07-07,Comercial,1189,27,85
2025-07-07,Industrial,1648,27,85
2025-07-08,Residencial,504,27,65
2025-07-08,Comercial,1083,27,65
2025-07-08,Industrial,1512,27,65
2025-07-09,Residencial,382,22,62
2025-07-09,Comercial,1104,22,62
2025-07-09,Industrial,1587,22,62
2025-07-10,Residencial,447,24,55
2025-07-10,Comercial,1028,24,55
2025-07-10,Industrial,1449,24,55
2025-07-11,Residencial,489,29,44
2025-07-11,Comercial,1079,29,44
2025-07-11,Industrial,1428,29,44
2025-07-12,Residencial,610,34,77
2025-07-12,Comercial,531,34,77
2025-07-12,Industrial,1592,34,77
2025-07-13,Residencial,442,26,85
2025-07-13,Comercial,482,26,85
2025-07-13,Industrial,1420,26,85
2025-07-14,Residencial,455,20,50
2025-07-14,Comercial,814,20,50
2025-07-14,Industrial,1573,20,50
2025-07-15,Residencial,530,25,77
2025-07-15,Comercial,1150,25,77
2025-07-15,Industrial,186,25,77
2025-07-16,Residencial,354,27,40
2025-07-16,Comercial,949,27,40
2025-07-16,Industrial,1563,27,40
2025-07-17,Residencial,456,19,44
2025-07-17,Comercial,1003,19,44
2025-07-17,Industrial,1559,19,44
2025-07-18,Residencial,588,24,87
2025-07-18,Comercial,1091,24,87
2025-07-18,Industrial,176,24,87
2025-07-19,Residencial,509,18,87
2025-07-19,Comercial,397,18,87
2025-07-19,Industrial,1599,18,87
2025-07-20,Residencial,540,30,68
2025-07-20,Comercial,331,30,68
2025-07-20,Industrial,1600,30,68
2025-07-21,Residencial,544,30,27
2025-07-21,Comercial,1231,30,27
2025-07-21,Industrial,1387,30,27
2025-07-22,Residencial,196,18,70
2025-07-22,Comercial,615,18,70
2025-07-22,Industrial,874,18,70
2025-07-23,Residencial,541,19,52
2025-07-23,Comercial,872,19,52
2025-07-23,Industrial,1391,19,52
2025-07-24,Residencial,355,21,73
2025-07-24,Comercial,996,21,73
2025-07-24,Industrial,1453,21,73
2025-07-25,Residencial,399,23,94
2025-07-25,Comercial,988,23,94
2025-07-25,Industrial,1569,23,94
2025-07-26,Residencial,589,24,27
2025-07-26,Comercial,486,24,27
2025-07-26,Industrial,1690,24,27
2025-07-27,Residencial,440,19,65
2025-07-27,Comercial,499,19,65
2025-07-27,Industrial,1445,19,65
2025-07-28,Residencial,427,21,84
2025-07-28,Comercial,841,21,84
2025-07-28,Industrial,1395,21,84
2025-07-29,Residencial,501,26,64
2025-07-29,Comercial,1097,26,64
2025-07-29,Industrial,1413,26,64
2025-07-30,Residencial,415,17,31
2025-07-30,Comercial,1067,17,31
2025-07-30,Industrial,1482,17,31
2025-07-31,Residencial,535,24,39
2025-07-31,Comercial,1128,24,39
2025-07-31,Industrial,1479,24,39
2025-08-01,Residencial,421,18,68
2025-08-01,Comercial,851,18,68
2025-08-01,Industrial,1535,18,68
2025-08-02,Residencial,502,21,94
2025-08-02,Comercial,435,21,94
2025-08-02,Industrial,1385,21,94
2025-08-03,Residencial,591,16,44
2025-08-03,Comercial,345,16,44
2025-08-03,Industrial,1377,16,44
2025-08-04,Residencial,371,26,78
2025-08-04,Comercial,830,26,78
2025-08-04,Industrial,1467,26,78
2025-08-05,Residencial,356,25,56
2025-08-05,Comercial,1091,25,56
2025-08-05,Industrial,1416,25,56
2025-08-06,Residencial,425,27,64
2025-08-06,Comercial,1302,27,64
2025-08-06,Industrial,1456,27,64
2025-08-07,Residencial,341,22,52
2025-08-07,Comercial,1145,22,52
2025-08-07,Industrial,1327,22,52
2025-08-08,Residencial,335,15,41
2025-08-08,Comercial,1080,15,41
2025-08-08,Industrial,1380,15,41
2025-08-09,Residencial,565,23,74
2025-08-09,Comercial,351,23,74
2025-08-09,Industrial,1529,23,74
2025-08-10,Residencial,658,27,60
2025-08-10,Comercial,377,27,60
2025-08-10,Industrial,1424,27,60
2025-08-11,Residencial,364,26,53
2025-08-11,Comercial,1258,26,53
2025-08-11,Industrial,1640,26,53
2025-08-12,Residencial,454,17,33
2025-08-12,Comercial,1175,17,33
2025-08-12,Industrial,1399,17,33
2025-08-13,Residencial,413,26,49
2025-08-13,Comercial,884,26,49
2025-08-13,Industrial,1421,26,49
2025-08-14,Residencial,516,15,34
2025-08-14,Comercial,1113,15,34
2025-08-14,Industrial,1425,15,34
2025-08-15,Residencial,378,13,88
2025-08-15,Comercial,913,13,88
2025-08-15,Industrial,1484,13,88
2025-08-16,Residencial,561,11,71
2025-08-16,Comercial,347,11,71
2025-08-16,Industrial,1657,11,71
2025-08-17,Residencial,417,21,71
2025-08-17,Comercial,397,21,71
2025-08-17,Industrial,1594,21,71
2025-08-18,Residencial,405,21,70
2025-08-18,Comercial,858,21,70
2025-08-18,Industrial,1512,21,70
2025-08-19,Residencial,452,21,24
2025-08-19,Comercial,1058,21,24
2025-08-19,Industrial,1407,21,24
2025-08-20,Residencial,554,25,23
2025-08-20,Comercial,1146,25,23
2025-08-20,Industrial,1350,25,23
2025-08-21,Residencial,361,18,63
2025-08-21,Comercial,1132,18,63
2025-08-21,Industrial,1621,18,63
2025-08-22,Residencial,438,17,62
2025-08-22,Comercial,1102,17,62
2025-08-22,Industrial,1680,17,62
2025-08-23,Residencial,369,16,93
2025-08-23,Comercial,424,16,93
2025-08-23,Industrial,1428,16,93
2025-08-24,Residencial,488,18,92
2025-08-24,Comercial,324,18,92
2025-08-24,Industrial,1460,18,92
2025-08-25,Residencial,443,14,52
2025-08-25,Comercial,884,14,52
2025-08-25,Industrial,1434,14,52
2025-08-26,Residencial,370,15,63
2025-08-26,Comercial,966,15,63
2025-08-26,Industrial,1606,15,63
2025-08-27,Residencial,438,16,41
2025-08-27,Comercial,972,16,41
2025-08-27,Industrial,1526,16,41
2025-08-28,Residencial,349,12,86
2025-08-28,Comercial,846,12,86
2025-08-28,Industrial,1380,12,86
2025-08-29,Residencial,282,17,90
2025-08-29,Comercial,1019,17,90
2025-08-29,Industrial,1628,17,90
2025-08-30,Residencial,420,10,27
2025-08-30,Comercial,322,10,27
2025-08-30,Industrial,1620,10,27
2025-08-31,Residencial,576,21,50
2025-08-31,Comercial,383,21,50
2025-08-31,Industrial,239,21,50
2025-09-01,Residencial,545,15,47
2025-09-01,Comercial,989,15,47
2025-09-01,Industrial,1524,15,47
2025-09-02,Residencial,461,19,77
2025-09-02,Comercial,968,19,77
2025-09-02,Industrial,1551,19,77
2025-09-03,Residencial,481,21,40
2025-09-03,Comercial,950,21,40
2025-09-03,Industrial,1494,21,40
2025-09-04,Residencial,362,14,20
2025-09-04,Comercial,977,14,20
2025-09-04,Industrial,1502,14,20
2025-09-05,Residencial,505,15,23
2025-09-05,Comercial,1013,15,23
2025-09-05,Industrial,1473,15,23
2025-09-06,Residencial,570,18,77
2025-09-06,Comercial,414,18,77
2025-09-06,Industrial,1642,18,77
2025-09-07,Residencial,521,15,43
2025-09-07,Comercial,405,15,43
2025-09-07,Industrial,1441,15,43
2025-09-08,Residencial,428,19,84
2025-09-08,Comercial,944,19,84
2025-09-08,Industrial,1457,19,84
2025-09-09,Residencial,419,8,62
2025-09-09,Comercial,897,8,62
2025-09-09,Industrial,1544,8,62
2025-09-10,Residencial,361,18,89
2025-09-10,Comercial,1050,18,89
2025-09-10,Industrial,1398,18,89
2025-09-11,Residencial,529,17,72
2025-09-11,Comercial,769,17,72
2025-09-11,Industrial,1359,17,72
2025-09-12,Residencial,419,10,43
2025-09-12,Comercial,824,10,43
2025-09-12,Industrial,1466,10,43
2025-09-13,Residencial,620,11,61
2025-09-13,Comercial,385,11,61
2025-09-13,Industrial,2180,11,61
2025-09-14,Residencial,485,6,92
2025-09-14,Comercial,336,6,92
2025-09-14,Industrial,1654,6,92
2025-09-15,Residencial,246,3,34
2025-09-15,Comercial,831,3,34
2025-09-15,Industrial,1510,3,34
2025-09-16,Residencial,254,10,21
2025-09-16,Comercial,1000,10,21
2025-09-16,Industrial,1446,10,21
2025-09-17,Residencial,261,15,23
2025-09-17,Comercial,1057,15,23
2025-09-17,Industrial,1525,15,23
2025-09-18,Residencial,291,4,56
2025-09-18,Comercial,753,4,56
2025-09-18,Industrial,1354,4,56
2025-09-19,Residencial,522,12,85
2025-09-19,Comercial,955,12,85
2025-09-19,Industrial,1374,12,85
2025-09-20,Residencial,395,11,90
2025-09-20,Comercial,301,11,90
2025-09-20,Industrial,1508,11,90
2025-09-21,Residencial,431,11,93
2025-09-21,Comercial,351,11,93
2025-09-21,Industrial,1519,11,93
2025-09-22,Residencial,284,8,62
2025-09-22,Comercial,939,8,62
2025-09-22,Industrial,1429,8,62
2025-09-23,Residencial,454,12,80
2025-09-23,Comercial,1047,12,80
2025-09-23,Industrial,207,12,80
2025-09-24,Residencial,383,13,43
2025-09-24,Comercial,1036,13,43
2025-09-24,Industrial,1532,13,43
2025-09-25,Residencial,396,8,48
2025-09-25,Comercial,989,8,48
2025-09-25,Industrial,1472,8,48
2025-09-26,Residencial,351,9,56
2025-09-26,Comercial,906,9,56
2025-09-26,Industrial,1630,9,56
2025-09-27,Residencial,549,2,31
2025-09-27,Comercial,428,2,31
2025-09-27,Industrial,190,2,31
2025-09-28,Residencial,493,0,35
2025-09-28,Comercial,394,0,35
2025-09-28,Industrial,1584,0,35
2025-09-29,Residencial,293,8,20
2025-09-29,Comercial,1031,8,20
2025-09-29,Industrial,1673,8,20
2025-09-30,Residencial,337,2,24
2025-09-30,Comercial,850,2,24
2025-09-30,Industrial,1419,2,24
2025-10-01,Residencial,410,0,37
2025-10-01,Comercial,888,0,37
2025-10-01,Industrial,1509,0,37
2025-10-02,Residencial,395,11,74
2025-10-02,Comercial,1077,11,74
2025-10-02,Industrial,1601,11,74
2025-10-03,Residencial,325,11,20
2025-10-03,Comercial,923,11,20
2025-10-03,Industrial,1595,11,20
2025-10-04,Residencial,334,1,71
2025-10-04,Comercial,363,1,71
2025-10-04,Industrial,1367,1,71
2025-10-05,Residencial,385,-1,55
2025-10-05,Comercial,308,-1,55
2025-10-05,Industrial,1426,-1,55
2025-10-06,Residencial,238,6,93
2025-10-06,Comercial,890,6,93
2025-10-06,Industrial,1493,6,93
2025-10-07,Residencial,398,2,69
2025-10-07,Comercial,761,2,69
2025-10-07,Industrial,1307,2,69
2025-10-08,Residencial,344,10,50
2025-10-08,Comercial,1012,10,50
2025-10-08,Industrial,1500,10,50
2025-10-09,Residencial,295,4,46
2025-10-09,Comercial,897,4,46
2025-10-09,Industrial,1348,4,46
2025-10-10,Residencial,378,10,34
2025-10-10,Comercial,850,10,34
2025-10-10,Industrial,1489,10,34
2025-10-11,Residencial,387,8,85
2025-10-11,Comercial,382,8,85
2025-10-11,Industrial,1497,8,85
2025-10-12,Residencial,349,5,86
2025-10-12,Comercial,307,5,86
2025-10-12,Industrial,1515,5,86
2025-10-13,Residencial,366,8,28
2025-10-13,Comercial,1044,8,28
2025-10-13,Industrial,1619,8,28
2025-10-14,Residencial,409,10,45
2025-10-14,Comercial,998,10,45
2025-10-14,Industrial,1554,10,45
2025-10-15,Residencial,383,8,90
2025-10-15,Comercial,911,8,90
2025-10-15,Industrial,1380,8,90
2025-10-16,Residencial,479,8,93
2025-10-16,Comercial,744,8,93
2025-10-16,Industrial,1521,8,93
2025-10-17,Residencial,315,11,80
2025-10-17,Comercial,753,11,80
2025-10-17,Industrial,1368,11,80
2025-10-18,Residencial,324,8,76
2025-10-18,Comercial,405,8,76
2025-10-18,Industrial,1425,8,76
2025-10-19,Residencial,495,4,76
2025-10-19,Comercial,354,4,76
2025-10-19,Industrial,1565,4,76
2025-10-20,Residencial,367,6,65
2025-10-20,Comercial,852,6,65
2025-10-20,Industrial,1544,6,65
2025-10-21,Residencial,445,8,85
2025-10-21,Comercial,829,8,85
2025-10-21,Industrial,1458,8,85
2025-10-22,Residencial,387,3,22
2025-10-22,Comercial,838,3,22
2025-10-22,Industrial,1597,3,22
2025-10-23,Residencial,413,4,35
2025-10-23,Comercial,764,4,35
2025-10-23,Industrial,1612,4,35
2025-10-24,Residencial,231,0,25
2025-10-24,Comercial,718,0,25
2025-10-24,Industrial,1612,0,25
2025-10-25,Residencial,488,2,27
2025-10-25,Comercial,322,2,27
2025-10-25,Industrial,1637,2,27
2025-10-26,Residencial,414,10,53
2025-10-26,Comercial,416,10,53
2025-10-26,Industrial,1489,10,53
2025-10-27,Residencial,259,-5,70
2025-10-27,Comercial,649,-5,70
2025-10-27,Industrial,1518,-5,70
2025-10-28,Residencial,266,7,68
2025-10-28,Comercial,913,7,68
2025-10-28,Industrial,1420,7,68
2025-10-29,Residencial,402,7,86
2025-10-29,Comercial,771,7,86
2025-10-29,Industrial,1587,7,86
2025-10-30,Residencial,422,9,40
2025-10-30,Comercial,813,9,40
2025-10-30,Industrial,1633,9,40
2025-10-31,Residencial,380,5,85
2025-10-31,Comercial,721,5,85
2025-10-31,Industrial,1452,5,85
2025-11-01,Residencial,446,6,55
2025-11-01,Comercial,370,6,55
2025-11-01,Industrial,1675,6,55
2025-11-02,Residencial,371,7,46
2025-11-02,Comercial,378,7,46
2025-11-02,Industrial,1570,7,46
2025-11-03,Residencial,359,-6,43
2025-11-03,Comercial,768,-6,43
2025-11-03,Industrial,1559,-6,43
2025-11-04,Residencial,364,-2,38
2025-11-04,Comercial,799,-2,38
2025-11-04,Industrial,1601,-2,38
2025-11-05,Residencial,378,8,87
2025-11-05,Comercial,750,8,87
2025-11-05,Industrial,1422,8,87
2025-11-06,Residencial,238,0,57
2025-11-06,Comercial,753,0,57
2025-11-06,Industrial,1373,0,57
2025-11-07,Residencial,380,-1,54
2025-11-07,Comercial,869,-1,54
2025-11-07,Industrial,1605,-1,54
2025-11-08,Residencial,325,1,64
2025-11-08,Comercial,337,1,64
2025-11-08,Industrial,1596,1,64
2025-11-09,Residencial,474,2,59
2025-11-09,Comercial,304,2,59
2025-11-09,Industrial,1683,2,59
2025-11-10,Residencial,376,6,58
2025-11-10,Comercial,738,6,58
2025-11-10,Industrial,1534,6,58
2025-11-11,Residencial,289,-6,43
2025-11-11,Comercial,559,-6,43
2025-11-11,Industrial,1500,-6,43
2025-11-12,Residencial,235,0,64
2025-11-12,Comercial,876,0,64
2025-11-12,Industrial,1648,0,64
2025-11-13,Residencial,396,-5,45
2025-11-13,Comercial,843,-5,45
2025-11-13,Industrial,1639,-5,45
2025-11-14,Residencial,347,0,85
2025-11-14,Comercial,798,0,85
2025-11-14,Industrial,1410,0,85
2025-11-15,Residencial,314,-4,37
2025-11-15,Comercial,221,-4,37
2025-11-15,Industrial,1379,-4,37
2025-11-16,Residencial,448,6,87
2025-11-16,Comercial,346,6,87
2025-11-16,Industrial,1476,6,87
2025-11-17,Residencial,377,4,49
2025-11-17,Comercial,770,4,49
2025-11-17,Industrial,1410,4,49
2025-11-18,Residencial,332,4,74
2025-11-18,Comercial,832,4,74
2025-11-18,Industrial,1479,4,74
2025-11-19,Residencial,278,6,38
2025-11-19,Comercial,897,6,38
2025-11-19,Industrial,1333,6,38
2025-11-20,Residencial,318,-6,44
2025-11-20,Comercial,841,-6,44
2025-11-20,Industrial,155,-6,44
2025-11-21,Residencial,369,7,25
2025-11-21,Comercial,1022,7,25
2025-11-21,Industrial,1520,7,25
2025-11-22,Residencial,412,-2,34
2025-11-22,Comercial,318,-2,34
2025-11-22,Industrial,1556,-2,34
2025-11-23,Residencial,373,1,53
2025-11-23,Comercial,422,1,53
2025-11-23,Industrial,1525,1,53
2025-11-24,Residencial,265,0,63
2025-11-24,Comercial,805,0,63
2025-11-24,Industrial,1408,0,63
2025-11-25,Residencial,327,7,31
2025-11-25,Comercial,877,7,31
2025-11-25,Industrial,1632,7,31
2025-11-26,Residencial,277,-3,51
2025-11-26,Comercial,630,-3,51
2025-11-26,Industrial,1490,-3,51
2025-11-27,Residencial,236,-4,21
2025-11-27,Comercial,830,-4,21
2025-11-27,Industrial,1474,-4,21
2025-11-28,Residencial,259,-4,48
2025-11-28,Comercial,770,-4,48
2025-11-28,Industrial,1369,-4,48
2025-11-29,Residencial,525,0,78
2025-11-29,Comercial,318,0,78
2025-11-29,Industrial,1515,0,78
2025-11-30,Residencial,504,5,67
2025-11-30,Comercial,348,5,67
2025-11-30,Industrial,1570,5,67
2025-12-01,Residencial,450,4,22
2025-12-01,Comercial,737,4,22
2025-12-01,Industrial,1391,4,22
2025-12-02,Residencial,335,5,57
2025-12-02,Comercial,868,5,57
2025-12-02,Industrial,1474,5,57
2025-12-03,Residencial,468,4,87
2025-12-03,Comercial,792,4,87
2025-12-03,Industrial,1409,4,87
2025-12-04,Residencial,321,-6,36
2025-12-04,Comercial,850,-6,36
2025-12-04,Industrial,1357,-6,36
2025-12-05,Residencial,303,-7,39
2025-12-05,Comercial,571,-7,39
2025-12-05,Industrial,1410,-7,39
